12:50:16 DEBUG : Logs will be stored at 'C:/ECE520_SOC/ECE520_SandBox/Ultrasonic_Proximity_Alarm_soc_re/Proximity_Alarm_soc_vitis/IDE.log'.
12:50:21 INFO  : Registering command handlers for Vitis TCF services
12:50:21 INFO  : Launching XSCT server: xsct.bat -n  -interactive C:\ECE520_SOC\ECE520_SandBox\Ultrasonic_Proximity_Alarm_soc_re\Proximity_Alarm_soc_vitis\temp_xsdb_launch_script.tcl
12:50:21 INFO  : Platform repository initialization has completed.
12:50:24 INFO  : XSCT server has started successfully.
12:50:28 INFO  : plnx-install-location is set to ''
12:50:28 INFO  : Successfully done setting XSCT server connection channel  
12:50:28 INFO  : Successfully done query RDI_DATADIR 
12:50:28 INFO  : Successfully done setting workspace for the tool. 
12:51:17 INFO  : Result from executing command 'getProjects': Proximity_Alarm_plat
12:51:17 INFO  : Result from executing command 'getPlatforms': xilinx_zcu102_base_202310_1|C:/Xilinx/Vitis/2023.1/base_platforms/xilinx_zcu102_base_202310_1/xilinx_zcu102_base_202310_1.xpfm;xilinx_zcu102_base_dfx_202310_1|C:/Xilinx/Vitis/2023.1/base_platforms/xilinx_zcu102_base_dfx_202310_1/xilinx_zcu102_base_dfx_202310_1.xpfm;xilinx_zcu104_base_202310_1|C:/Xilinx/Vitis/2023.1/base_platforms/xilinx_zcu104_base_202310_1/xilinx_zcu104_base_202310_1.xpfm
12:52:31 ERROR : (XSDB Server)rm: cannot lstat `*.o': Invalid argument

12:52:31 ERROR : (XSDB Server)make: *** [Makefile:42: clean] Error 1

12:53:42 INFO  : Result from executing command 'getProjects': Proximity_Alarm_plat
12:53:42 INFO  : Result from executing command 'getPlatforms': Proximity_Alarm_plat|C:/ECE520_SOC/ECE520_SandBox/Ultrasonic_Proximity_Alarm_soc_re/Proximity_Alarm_soc_vitis/Proximity_Alarm_plat/export/Proximity_Alarm_plat/Proximity_Alarm_plat.xpfm;xilinx_zcu102_base_202310_1|C:/Xilinx/Vitis/2023.1/base_platforms/xilinx_zcu102_base_202310_1/xilinx_zcu102_base_202310_1.xpfm;xilinx_zcu102_base_dfx_202310_1|C:/Xilinx/Vitis/2023.1/base_platforms/xilinx_zcu102_base_dfx_202310_1/xilinx_zcu102_base_dfx_202310_1.xpfm;xilinx_zcu104_base_202310_1|C:/Xilinx/Vitis/2023.1/base_platforms/xilinx_zcu104_base_202310_1/xilinx_zcu104_base_202310_1.xpfm
13:18:42 INFO  : Checking for BSP changes to sync application flags for project 'Proximity_Alarm_app'...
13:20:19 INFO  : Connected to target on host '127.0.0.1' and port '3121'.
13:20:20 INFO  : Jtag cable 'Digilent Zybo Z7 210351BE7A49A' is selected.
13:20:20 INFO  : 'jtag frequency' command is executed.
13:20:20 INFO  : Context for 'APU' is selected.
13:20:20 INFO  : System reset is completed.
13:20:23 INFO  : 'after 3000' command is executed.
13:20:23 INFO  : 'targets -set -filter {jtag_cable_name =~ "Digilent Zybo Z7 210351BE7A49A" && level==0 && jtag_device_ctx=="jsn-Zybo Z7-210351BE7A49A-13722093-0"}' command is executed.
13:20:24 INFO  : Device configured successfully with "C:/ECE520_SOC/ECE520_SandBox/Ultrasonic_Proximity_Alarm_soc_re/Proximity_Alarm_soc_vitis/Proximity_Alarm_app/_ide/bitstream/Proximity_Alarm_bd_wrapper.bit"
13:20:24 INFO  : Context for 'APU' is selected.
13:20:24 INFO  : Hardware design and registers information is loaded from 'C:/ECE520_SOC/ECE520_SandBox/Ultrasonic_Proximity_Alarm_soc_re/Proximity_Alarm_soc_vitis/Proximity_Alarm_plat/export/Proximity_Alarm_plat/hw/Proximity_Alarm_bd_wrapper.xsa'.
13:20:24 INFO  : 'configparams force-mem-access 1' command is executed.
13:20:24 INFO  : Context for 'APU' is selected.
13:20:24 INFO  : Sourcing of 'C:/ECE520_SOC/ECE520_SandBox/Ultrasonic_Proximity_Alarm_soc_re/Proximity_Alarm_soc_vitis/Proximity_Alarm_app/_ide/psinit/ps7_init.tcl' is done.
13:20:24 INFO  : 'ps7_init' command is executed.
13:20:24 INFO  : 'ps7_post_config' command is executed.
13:20:24 INFO  : Context for processor 'ps7_cortexa9_0' is selected.
13:20:25 INFO  : The application 'C:/ECE520_SOC/ECE520_SandBox/Ultrasonic_Proximity_Alarm_soc_re/Proximity_Alarm_soc_vitis/Proximity_Alarm_app/Debug/Proximity_Alarm_app.elf' is downloaded to processor 'ps7_cortexa9_0'.
13:20:25 INFO  : 'configparams force-mem-access 0' command is executed.
13:20:25 INFO  : ----------------XSDB Script----------------
connect -url tcp:127.0.0.1:3121
targets -set -nocase -filter {name =~"APU*"}
rst -system
after 3000
targets -set -filter {jtag_cable_name =~ "Digilent Zybo Z7 210351BE7A49A" && level==0 && jtag_device_ctx=="jsn-Zybo Z7-210351BE7A49A-13722093-0"}
fpga -file C:/ECE520_SOC/ECE520_SandBox/Ultrasonic_Proximity_Alarm_soc_re/Proximity_Alarm_soc_vitis/Proximity_Alarm_app/_ide/bitstream/Proximity_Alarm_bd_wrapper.bit
targets -set -nocase -filter {name =~"APU*"}
loadhw -hw C:/ECE520_SOC/ECE520_SandBox/Ultrasonic_Proximity_Alarm_soc_re/Proximity_Alarm_soc_vitis/Proximity_Alarm_plat/export/Proximity_Alarm_plat/hw/Proximity_Alarm_bd_wrapper.xsa -mem-ranges [list {0x40000000 0xbfffffff}] -regs
configparams force-mem-access 1
targets -set -nocase -filter {name =~"APU*"}
source C:/ECE520_SOC/ECE520_SandBox/Ultrasonic_Proximity_Alarm_soc_re/Proximity_Alarm_soc_vitis/Proximity_Alarm_app/_ide/psinit/ps7_init.tcl
ps7_init
ps7_post_config
targets -set -nocase -filter {name =~ "*A9*#0"}
dow C:/ECE520_SOC/ECE520_SandBox/Ultrasonic_Proximity_Alarm_soc_re/Proximity_Alarm_soc_vitis/Proximity_Alarm_app/Debug/Proximity_Alarm_app.elf
configparams force-mem-access 0
----------------End of Script----------------

13:20:25 INFO  : Context for processor 'ps7_cortexa9_0' is selected.
13:20:25 INFO  : 'con' command is executed.
13:20:25 INFO  : ----------------XSDB Script (After Launch)----------------
targets -set -nocase -filter {name =~ "*A9*#0"}
con
----------------End of Script----------------

13:20:25 INFO  : Launch script is exported to file 'C:\ECE520_SOC\ECE520_SandBox\Ultrasonic_Proximity_Alarm_soc_re\Proximity_Alarm_soc_vitis\Proximity_Alarm_app_system\_ide\scripts\debugger_proximity_alarm_app-default.tcl'
13:26:14 INFO  : Checking for BSP changes to sync application flags for project 'Proximity_Alarm_app'...
13:26:44 INFO  : Disconnected from the channel tcfchan#3.
13:26:45 INFO  : Connected to target on host '127.0.0.1' and port '3121'.
13:26:54 INFO  : ----------------XSDB Script----------------
connect -url tcp:127.0.0.1:3121
----------------End of Script----------------

13:26:54 ERROR : Could not find Jtag device on the board for connection 'Local'.


Troubleshooting hints:
1. Check whether board is connected to system properly.
2. In case of zynq board, check whether Digilent/Xilinx cable switch settings are correct.
3. If you are using Xilinx Platform Cable USB, ensure that status LED is green.
13:27:01 INFO  : Connected to target on host '127.0.0.1' and port '3121'.
13:27:01 INFO  : Jtag cable 'Digilent Zybo Z7 210351BE7A49A' is selected.
13:27:01 INFO  : 'jtag frequency' command is executed.
13:27:01 INFO  : Context for 'APU' is selected.
13:27:02 INFO  : System reset is completed.
13:27:05 INFO  : 'after 3000' command is executed.
13:27:05 INFO  : 'targets -set -filter {jtag_cable_name =~ "Digilent Zybo Z7 210351BE7A49A" && level==0 && jtag_device_ctx=="jsn-Zybo Z7-210351BE7A49A-13722093-0"}' command is executed.
13:27:06 INFO  : Device configured successfully with "C:/ECE520_SOC/ECE520_SandBox/Ultrasonic_Proximity_Alarm_soc_re/Proximity_Alarm_soc_vitis/Proximity_Alarm_app/_ide/bitstream/Proximity_Alarm_bd_wrapper.bit"
13:27:06 INFO  : Context for 'APU' is selected.
13:27:06 INFO  : Hardware design and registers information is loaded from 'C:/ECE520_SOC/ECE520_SandBox/Ultrasonic_Proximity_Alarm_soc_re/Proximity_Alarm_soc_vitis/Proximity_Alarm_plat/export/Proximity_Alarm_plat/hw/Proximity_Alarm_bd_wrapper.xsa'.
13:27:06 INFO  : 'configparams force-mem-access 1' command is executed.
13:27:06 INFO  : Context for 'APU' is selected.
13:27:06 INFO  : Sourcing of 'C:/ECE520_SOC/ECE520_SandBox/Ultrasonic_Proximity_Alarm_soc_re/Proximity_Alarm_soc_vitis/Proximity_Alarm_app/_ide/psinit/ps7_init.tcl' is done.
13:27:06 INFO  : 'ps7_init' command is executed.
13:27:06 INFO  : 'ps7_post_config' command is executed.
13:27:06 INFO  : Context for processor 'ps7_cortexa9_0' is selected.
13:27:07 INFO  : The application 'C:/ECE520_SOC/ECE520_SandBox/Ultrasonic_Proximity_Alarm_soc_re/Proximity_Alarm_soc_vitis/Proximity_Alarm_app/Debug/Proximity_Alarm_app.elf' is downloaded to processor 'ps7_cortexa9_0'.
13:27:07 INFO  : 'configparams force-mem-access 0' command is executed.
13:27:07 INFO  : ----------------XSDB Script----------------
connect -url tcp:127.0.0.1:3121
targets -set -nocase -filter {name =~"APU*"}
rst -system
after 3000
targets -set -filter {jtag_cable_name =~ "Digilent Zybo Z7 210351BE7A49A" && level==0 && jtag_device_ctx=="jsn-Zybo Z7-210351BE7A49A-13722093-0"}
fpga -file C:/ECE520_SOC/ECE520_SandBox/Ultrasonic_Proximity_Alarm_soc_re/Proximity_Alarm_soc_vitis/Proximity_Alarm_app/_ide/bitstream/Proximity_Alarm_bd_wrapper.bit
targets -set -nocase -filter {name =~"APU*"}
loadhw -hw C:/ECE520_SOC/ECE520_SandBox/Ultrasonic_Proximity_Alarm_soc_re/Proximity_Alarm_soc_vitis/Proximity_Alarm_plat/export/Proximity_Alarm_plat/hw/Proximity_Alarm_bd_wrapper.xsa -mem-ranges [list {0x40000000 0xbfffffff}] -regs
configparams force-mem-access 1
targets -set -nocase -filter {name =~"APU*"}
source C:/ECE520_SOC/ECE520_SandBox/Ultrasonic_Proximity_Alarm_soc_re/Proximity_Alarm_soc_vitis/Proximity_Alarm_app/_ide/psinit/ps7_init.tcl
ps7_init
ps7_post_config
targets -set -nocase -filter {name =~ "*A9*#0"}
dow C:/ECE520_SOC/ECE520_SandBox/Ultrasonic_Proximity_Alarm_soc_re/Proximity_Alarm_soc_vitis/Proximity_Alarm_app/Debug/Proximity_Alarm_app.elf
configparams force-mem-access 0
----------------End of Script----------------

13:27:07 INFO  : Context for processor 'ps7_cortexa9_0' is selected.
13:27:07 INFO  : 'con' command is executed.
13:27:07 INFO  : ----------------XSDB Script (After Launch)----------------
targets -set -nocase -filter {name =~ "*A9*#0"}
con
----------------End of Script----------------

13:27:07 INFO  : Launch script is exported to file 'C:\ECE520_SOC\ECE520_SandBox\Ultrasonic_Proximity_Alarm_soc_re\Proximity_Alarm_soc_vitis\Proximity_Alarm_app_system\_ide\scripts\debugger_proximity_alarm_app-default.tcl'
13:29:01 INFO  : Checking for BSP changes to sync application flags for project 'Proximity_Alarm_app'...
13:29:40 INFO  : Disconnected from the channel tcfchan#5.
13:29:41 INFO  : Connected to target on host '127.0.0.1' and port '3121'.
13:29:41 INFO  : Jtag cable 'Digilent Zybo Z7 210351BE7A49A' is selected.
13:29:41 INFO  : 'jtag frequency' command is executed.
13:29:41 INFO  : Context for 'APU' is selected.
13:29:41 INFO  : System reset is completed.
13:29:44 INFO  : 'after 3000' command is executed.
13:29:44 INFO  : 'targets -set -filter {jtag_cable_name =~ "Digilent Zybo Z7 210351BE7A49A" && level==0 && jtag_device_ctx=="jsn-Zybo Z7-210351BE7A49A-13722093-0"}' command is executed.
13:29:45 INFO  : Device configured successfully with "C:/ECE520_SOC/ECE520_SandBox/Ultrasonic_Proximity_Alarm_soc_re/Proximity_Alarm_soc_vitis/Proximity_Alarm_app/_ide/bitstream/Proximity_Alarm_bd_wrapper.bit"
13:29:45 INFO  : Context for 'APU' is selected.
13:29:45 INFO  : Hardware design and registers information is loaded from 'C:/ECE520_SOC/ECE520_SandBox/Ultrasonic_Proximity_Alarm_soc_re/Proximity_Alarm_soc_vitis/Proximity_Alarm_plat/export/Proximity_Alarm_plat/hw/Proximity_Alarm_bd_wrapper.xsa'.
13:29:45 INFO  : 'configparams force-mem-access 1' command is executed.
13:29:45 INFO  : Context for 'APU' is selected.
13:29:45 INFO  : Sourcing of 'C:/ECE520_SOC/ECE520_SandBox/Ultrasonic_Proximity_Alarm_soc_re/Proximity_Alarm_soc_vitis/Proximity_Alarm_app/_ide/psinit/ps7_init.tcl' is done.
13:29:46 INFO  : 'ps7_init' command is executed.
13:29:46 INFO  : 'ps7_post_config' command is executed.
13:29:46 INFO  : Context for processor 'ps7_cortexa9_0' is selected.
13:29:46 INFO  : The application 'C:/ECE520_SOC/ECE520_SandBox/Ultrasonic_Proximity_Alarm_soc_re/Proximity_Alarm_soc_vitis/Proximity_Alarm_app/Debug/Proximity_Alarm_app.elf' is downloaded to processor 'ps7_cortexa9_0'.
13:29:47 INFO  : 'configparams force-mem-access 0' command is executed.
13:29:47 INFO  : ----------------XSDB Script----------------
connect -url tcp:127.0.0.1:3121
targets -set -nocase -filter {name =~"APU*"}
rst -system
after 3000
targets -set -filter {jtag_cable_name =~ "Digilent Zybo Z7 210351BE7A49A" && level==0 && jtag_device_ctx=="jsn-Zybo Z7-210351BE7A49A-13722093-0"}
fpga -file C:/ECE520_SOC/ECE520_SandBox/Ultrasonic_Proximity_Alarm_soc_re/Proximity_Alarm_soc_vitis/Proximity_Alarm_app/_ide/bitstream/Proximity_Alarm_bd_wrapper.bit
targets -set -nocase -filter {name =~"APU*"}
loadhw -hw C:/ECE520_SOC/ECE520_SandBox/Ultrasonic_Proximity_Alarm_soc_re/Proximity_Alarm_soc_vitis/Proximity_Alarm_plat/export/Proximity_Alarm_plat/hw/Proximity_Alarm_bd_wrapper.xsa -mem-ranges [list {0x40000000 0xbfffffff}] -regs
configparams force-mem-access 1
targets -set -nocase -filter {name =~"APU*"}
source C:/ECE520_SOC/ECE520_SandBox/Ultrasonic_Proximity_Alarm_soc_re/Proximity_Alarm_soc_vitis/Proximity_Alarm_app/_ide/psinit/ps7_init.tcl
ps7_init
ps7_post_config
targets -set -nocase -filter {name =~ "*A9*#0"}
dow C:/ECE520_SOC/ECE520_SandBox/Ultrasonic_Proximity_Alarm_soc_re/Proximity_Alarm_soc_vitis/Proximity_Alarm_app/Debug/Proximity_Alarm_app.elf
configparams force-mem-access 0
----------------End of Script----------------

13:29:47 INFO  : Context for processor 'ps7_cortexa9_0' is selected.
13:29:47 INFO  : 'con' command is executed.
13:29:47 INFO  : ----------------XSDB Script (After Launch)----------------
targets -set -nocase -filter {name =~ "*A9*#0"}
con
----------------End of Script----------------

13:29:47 INFO  : Launch script is exported to file 'C:\ECE520_SOC\ECE520_SandBox\Ultrasonic_Proximity_Alarm_soc_re\Proximity_Alarm_soc_vitis\Proximity_Alarm_app_system\_ide\scripts\debugger_proximity_alarm_app-default.tcl'
13:40:50 INFO  : Disconnected from the channel tcfchan#7.
13:40:51 INFO  : Connected to target on host '127.0.0.1' and port '3121'.
13:40:53 INFO  : Jtag cable 'Digilent Zybo Z7 210351BE7A49A' is selected.
13:40:53 INFO  : 'jtag frequency' command is executed.
13:40:53 INFO  : Context for 'APU' is selected.
13:40:53 INFO  : System reset is completed.
13:40:56 INFO  : 'after 3000' command is executed.
13:40:56 INFO  : 'targets -set -filter {jtag_cable_name =~ "Digilent Zybo Z7 210351BE7A49A" && level==0 && jtag_device_ctx=="jsn-Zybo Z7-210351BE7A49A-13722093-0"}' command is executed.
13:40:57 INFO  : Device configured successfully with "C:/ECE520_SOC/ECE520_SandBox/Ultrasonic_Proximity_Alarm_soc_re/Proximity_Alarm_soc_vitis/Proximity_Alarm_app/_ide/bitstream/Proximity_Alarm_bd_wrapper.bit"
13:40:57 INFO  : Context for 'APU' is selected.
13:40:57 INFO  : Hardware design and registers information is loaded from 'C:/ECE520_SOC/ECE520_SandBox/Ultrasonic_Proximity_Alarm_soc_re/Proximity_Alarm_soc_vitis/Proximity_Alarm_plat/export/Proximity_Alarm_plat/hw/Proximity_Alarm_bd_wrapper.xsa'.
13:40:57 INFO  : 'configparams force-mem-access 1' command is executed.
13:40:57 INFO  : Context for 'APU' is selected.
13:40:57 INFO  : Sourcing of 'C:/ECE520_SOC/ECE520_SandBox/Ultrasonic_Proximity_Alarm_soc_re/Proximity_Alarm_soc_vitis/Proximity_Alarm_app/_ide/psinit/ps7_init.tcl' is done.
13:40:58 INFO  : 'ps7_init' command is executed.
13:40:58 INFO  : 'ps7_post_config' command is executed.
13:40:58 INFO  : Context for processor 'ps7_cortexa9_0' is selected.
13:40:58 INFO  : The application 'C:/ECE520_SOC/ECE520_SandBox/Ultrasonic_Proximity_Alarm_soc_re/Proximity_Alarm_soc_vitis/Proximity_Alarm_app/Debug/Proximity_Alarm_app.elf' is downloaded to processor 'ps7_cortexa9_0'.
13:40:58 INFO  : 'configparams force-mem-access 0' command is executed.
13:40:58 INFO  : ----------------XSDB Script----------------
connect -url tcp:127.0.0.1:3121
targets -set -nocase -filter {name =~"APU*"}
rst -system
after 3000
targets -set -filter {jtag_cable_name =~ "Digilent Zybo Z7 210351BE7A49A" && level==0 && jtag_device_ctx=="jsn-Zybo Z7-210351BE7A49A-13722093-0"}
fpga -file C:/ECE520_SOC/ECE520_SandBox/Ultrasonic_Proximity_Alarm_soc_re/Proximity_Alarm_soc_vitis/Proximity_Alarm_app/_ide/bitstream/Proximity_Alarm_bd_wrapper.bit
targets -set -nocase -filter {name =~"APU*"}
loadhw -hw C:/ECE520_SOC/ECE520_SandBox/Ultrasonic_Proximity_Alarm_soc_re/Proximity_Alarm_soc_vitis/Proximity_Alarm_plat/export/Proximity_Alarm_plat/hw/Proximity_Alarm_bd_wrapper.xsa -mem-ranges [list {0x40000000 0xbfffffff}] -regs
configparams force-mem-access 1
targets -set -nocase -filter {name =~"APU*"}
source C:/ECE520_SOC/ECE520_SandBox/Ultrasonic_Proximity_Alarm_soc_re/Proximity_Alarm_soc_vitis/Proximity_Alarm_app/_ide/psinit/ps7_init.tcl
ps7_init
ps7_post_config
targets -set -nocase -filter {name =~ "*A9*#0"}
dow C:/ECE520_SOC/ECE520_SandBox/Ultrasonic_Proximity_Alarm_soc_re/Proximity_Alarm_soc_vitis/Proximity_Alarm_app/Debug/Proximity_Alarm_app.elf
configparams force-mem-access 0
----------------End of Script----------------

13:40:59 INFO  : Context for processor 'ps7_cortexa9_0' is selected.
13:40:59 INFO  : 'con' command is executed.
13:40:59 INFO  : ----------------XSDB Script (After Launch)----------------
targets -set -nocase -filter {name =~ "*A9*#0"}
con
----------------End of Script----------------

13:40:59 INFO  : Launch script is exported to file 'C:\ECE520_SOC\ECE520_SandBox\Ultrasonic_Proximity_Alarm_soc_re\Proximity_Alarm_soc_vitis\Proximity_Alarm_app_system\_ide\scripts\debugger_proximity_alarm_app-default.tcl'
13:44:35 INFO  : Checking for BSP changes to sync application flags for project 'Proximity_Alarm_app'...
13:44:59 INFO  : Checking for BSP changes to sync application flags for project 'Proximity_Alarm_app'...
13:47:04 INFO  : Checking for BSP changes to sync application flags for project 'Proximity_Alarm_app'...
13:49:13 INFO  : Checking for BSP changes to sync application flags for project 'Proximity_Alarm_app'...
13:50:08 INFO  : Checking for BSP changes to sync application flags for project 'Proximity_Alarm_app'...
13:51:07 INFO  : Disconnected from the channel tcfchan#8.
13:51:08 INFO  : Connected to target on host '127.0.0.1' and port '3121'.
13:51:08 INFO  : Jtag cable 'Digilent Zybo Z7 210351BE7A49A' is selected.
13:51:08 INFO  : 'jtag frequency' command is executed.
13:51:08 INFO  : Context for 'APU' is selected.
13:51:08 INFO  : System reset is completed.
13:51:11 INFO  : 'after 3000' command is executed.
13:51:12 INFO  : 'targets -set -filter {jtag_cable_name =~ "Digilent Zybo Z7 210351BE7A49A" && level==0 && jtag_device_ctx=="jsn-Zybo Z7-210351BE7A49A-13722093-0"}' command is executed.
13:51:13 INFO  : Device configured successfully with "C:/ECE520_SOC/ECE520_SandBox/Ultrasonic_Proximity_Alarm_soc_re/Proximity_Alarm_soc_vitis/Proximity_Alarm_app/_ide/bitstream/Proximity_Alarm_bd_wrapper.bit"
13:51:13 INFO  : Context for 'APU' is selected.
13:51:13 INFO  : Hardware design and registers information is loaded from 'C:/ECE520_SOC/ECE520_SandBox/Ultrasonic_Proximity_Alarm_soc_re/Proximity_Alarm_soc_vitis/Proximity_Alarm_plat/export/Proximity_Alarm_plat/hw/Proximity_Alarm_bd_wrapper.xsa'.
13:51:13 INFO  : 'configparams force-mem-access 1' command is executed.
13:51:13 INFO  : Context for 'APU' is selected.
13:51:13 INFO  : Sourcing of 'C:/ECE520_SOC/ECE520_SandBox/Ultrasonic_Proximity_Alarm_soc_re/Proximity_Alarm_soc_vitis/Proximity_Alarm_app/_ide/psinit/ps7_init.tcl' is done.
13:51:14 INFO  : 'ps7_init' command is executed.
13:51:14 INFO  : 'ps7_post_config' command is executed.
13:51:14 INFO  : Context for processor 'ps7_cortexa9_0' is selected.
13:51:14 INFO  : The application 'C:/ECE520_SOC/ECE520_SandBox/Ultrasonic_Proximity_Alarm_soc_re/Proximity_Alarm_soc_vitis/Proximity_Alarm_app/Debug/Proximity_Alarm_app.elf' is downloaded to processor 'ps7_cortexa9_0'.
13:51:14 INFO  : 'configparams force-mem-access 0' command is executed.
13:51:14 INFO  : ----------------XSDB Script----------------
connect -url tcp:127.0.0.1:3121
targets -set -nocase -filter {name =~"APU*"}
rst -system
after 3000
targets -set -filter {jtag_cable_name =~ "Digilent Zybo Z7 210351BE7A49A" && level==0 && jtag_device_ctx=="jsn-Zybo Z7-210351BE7A49A-13722093-0"}
fpga -file C:/ECE520_SOC/ECE520_SandBox/Ultrasonic_Proximity_Alarm_soc_re/Proximity_Alarm_soc_vitis/Proximity_Alarm_app/_ide/bitstream/Proximity_Alarm_bd_wrapper.bit
targets -set -nocase -filter {name =~"APU*"}
loadhw -hw C:/ECE520_SOC/ECE520_SandBox/Ultrasonic_Proximity_Alarm_soc_re/Proximity_Alarm_soc_vitis/Proximity_Alarm_plat/export/Proximity_Alarm_plat/hw/Proximity_Alarm_bd_wrapper.xsa -mem-ranges [list {0x40000000 0xbfffffff}] -regs
configparams force-mem-access 1
targets -set -nocase -filter {name =~"APU*"}
source C:/ECE520_SOC/ECE520_SandBox/Ultrasonic_Proximity_Alarm_soc_re/Proximity_Alarm_soc_vitis/Proximity_Alarm_app/_ide/psinit/ps7_init.tcl
ps7_init
ps7_post_config
targets -set -nocase -filter {name =~ "*A9*#0"}
dow C:/ECE520_SOC/ECE520_SandBox/Ultrasonic_Proximity_Alarm_soc_re/Proximity_Alarm_soc_vitis/Proximity_Alarm_app/Debug/Proximity_Alarm_app.elf
configparams force-mem-access 0
----------------End of Script----------------

13:51:14 INFO  : Context for processor 'ps7_cortexa9_0' is selected.
13:51:14 INFO  : 'con' command is executed.
13:51:14 INFO  : ----------------XSDB Script (After Launch)----------------
targets -set -nocase -filter {name =~ "*A9*#0"}
con
----------------End of Script----------------

13:51:14 INFO  : Launch script is exported to file 'C:\ECE520_SOC\ECE520_SandBox\Ultrasonic_Proximity_Alarm_soc_re\Proximity_Alarm_soc_vitis\Proximity_Alarm_app_system\_ide\scripts\debugger_proximity_alarm_app-default.tcl'
14:03:33 INFO  : Checking for BSP changes to sync application flags for project 'Proximity_Alarm_app'...
14:04:20 INFO  : Disconnected from the channel tcfchan#10.
14:04:21 INFO  : Connected to target on host '127.0.0.1' and port '3121'.
14:04:30 INFO  : ----------------XSDB Script----------------
connect -url tcp:127.0.0.1:3121
----------------End of Script----------------

14:04:30 ERROR : Could not find ARM device on the board for connection 'Local'.
Check if the target is in:
1. Split JTAG - No operations are possible with ARM DAP.
2. Non JTAG bootmode - Bootrom may need time to enable DAP.
Please try again.


Troubleshooting hints:
1. Check whether board is connected to system properly.
2. In case of zynq board, check whether Digilent/Xilinx cable switch settings are correct.
3. If you are using Xilinx Platform Cable USB, ensure that status LED is green.
14:04:37 INFO  : Connected to target on host '127.0.0.1' and port '3121'.
14:04:37 INFO  : Jtag cable 'Digilent Zybo Z7 210351BE7A49A' is selected.
14:04:37 INFO  : 'jtag frequency' command is executed.
14:04:37 INFO  : Context for 'APU' is selected.
14:04:37 INFO  : System reset is completed.
14:04:41 INFO  : 'after 3000' command is executed.
14:04:41 INFO  : 'targets -set -filter {jtag_cable_name =~ "Digilent Zybo Z7 210351BE7A49A" && level==0 && jtag_device_ctx=="jsn-Zybo Z7-210351BE7A49A-13722093-0"}' command is executed.
14:04:42 INFO  : Device configured successfully with "C:/ECE520_SOC/ECE520_SandBox/Ultrasonic_Proximity_Alarm_soc_re/Proximity_Alarm_soc_vitis/Proximity_Alarm_app/_ide/bitstream/Proximity_Alarm_bd_wrapper.bit"
14:04:42 INFO  : Context for 'APU' is selected.
14:04:42 INFO  : Hardware design and registers information is loaded from 'C:/ECE520_SOC/ECE520_SandBox/Ultrasonic_Proximity_Alarm_soc_re/Proximity_Alarm_soc_vitis/Proximity_Alarm_plat/export/Proximity_Alarm_plat/hw/Proximity_Alarm_bd_wrapper.xsa'.
14:04:42 INFO  : 'configparams force-mem-access 1' command is executed.
14:04:42 INFO  : Context for 'APU' is selected.
14:04:42 INFO  : Sourcing of 'C:/ECE520_SOC/ECE520_SandBox/Ultrasonic_Proximity_Alarm_soc_re/Proximity_Alarm_soc_vitis/Proximity_Alarm_app/_ide/psinit/ps7_init.tcl' is done.
14:04:43 INFO  : 'ps7_init' command is executed.
14:04:43 INFO  : 'ps7_post_config' command is executed.
14:04:43 INFO  : Context for processor 'ps7_cortexa9_0' is selected.
14:04:43 INFO  : The application 'C:/ECE520_SOC/ECE520_SandBox/Ultrasonic_Proximity_Alarm_soc_re/Proximity_Alarm_soc_vitis/Proximity_Alarm_app/Debug/Proximity_Alarm_app.elf' is downloaded to processor 'ps7_cortexa9_0'.
14:04:43 INFO  : 'configparams force-mem-access 0' command is executed.
14:04:43 INFO  : ----------------XSDB Script----------------
connect -url tcp:127.0.0.1:3121
targets -set -nocase -filter {name =~"APU*"}
rst -system
after 3000
targets -set -filter {jtag_cable_name =~ "Digilent Zybo Z7 210351BE7A49A" && level==0 && jtag_device_ctx=="jsn-Zybo Z7-210351BE7A49A-13722093-0"}
fpga -file C:/ECE520_SOC/ECE520_SandBox/Ultrasonic_Proximity_Alarm_soc_re/Proximity_Alarm_soc_vitis/Proximity_Alarm_app/_ide/bitstream/Proximity_Alarm_bd_wrapper.bit
targets -set -nocase -filter {name =~"APU*"}
loadhw -hw C:/ECE520_SOC/ECE520_SandBox/Ultrasonic_Proximity_Alarm_soc_re/Proximity_Alarm_soc_vitis/Proximity_Alarm_plat/export/Proximity_Alarm_plat/hw/Proximity_Alarm_bd_wrapper.xsa -mem-ranges [list {0x40000000 0xbfffffff}] -regs
configparams force-mem-access 1
targets -set -nocase -filter {name =~"APU*"}
source C:/ECE520_SOC/ECE520_SandBox/Ultrasonic_Proximity_Alarm_soc_re/Proximity_Alarm_soc_vitis/Proximity_Alarm_app/_ide/psinit/ps7_init.tcl
ps7_init
ps7_post_config
targets -set -nocase -filter {name =~ "*A9*#0"}
dow C:/ECE520_SOC/ECE520_SandBox/Ultrasonic_Proximity_Alarm_soc_re/Proximity_Alarm_soc_vitis/Proximity_Alarm_app/Debug/Proximity_Alarm_app.elf
configparams force-mem-access 0
----------------End of Script----------------

14:04:43 INFO  : Context for processor 'ps7_cortexa9_0' is selected.
14:04:43 INFO  : 'con' command is executed.
14:04:43 INFO  : ----------------XSDB Script (After Launch)----------------
targets -set -nocase -filter {name =~ "*A9*#0"}
con
----------------End of Script----------------

14:04:43 INFO  : Launch script is exported to file 'C:\ECE520_SOC\ECE520_SandBox\Ultrasonic_Proximity_Alarm_soc_re\Proximity_Alarm_soc_vitis\Proximity_Alarm_app_system\_ide\scripts\debugger_proximity_alarm_app-default.tcl'
14:38:28 INFO  : Checking for BSP changes to sync application flags for project 'Proximity_Alarm_app'...
14:39:25 INFO  : Disconnected from the channel tcfchan#12.
14:39:26 INFO  : Connected to target on host '127.0.0.1' and port '3121'.
14:39:26 INFO  : Jtag cable 'Digilent Zybo Z7 210351BE7A49A' is selected.
14:39:26 INFO  : 'jtag frequency' command is executed.
14:39:26 INFO  : Context for 'APU' is selected.
14:39:27 INFO  : System reset is completed.
14:39:30 INFO  : 'after 3000' command is executed.
14:39:30 INFO  : 'targets -set -filter {jtag_cable_name =~ "Digilent Zybo Z7 210351BE7A49A" && level==0 && jtag_device_ctx=="jsn-Zybo Z7-210351BE7A49A-13722093-0"}' command is executed.
14:39:31 INFO  : Device configured successfully with "C:/ECE520_SOC/ECE520_SandBox/Ultrasonic_Proximity_Alarm_soc_re/Proximity_Alarm_soc_vitis/Proximity_Alarm_app/_ide/bitstream/Proximity_Alarm_bd_wrapper.bit"
14:39:31 INFO  : Context for 'APU' is selected.
14:39:31 INFO  : Hardware design and registers information is loaded from 'C:/ECE520_SOC/ECE520_SandBox/Ultrasonic_Proximity_Alarm_soc_re/Proximity_Alarm_soc_vitis/Proximity_Alarm_plat/export/Proximity_Alarm_plat/hw/Proximity_Alarm_bd_wrapper.xsa'.
14:39:31 INFO  : 'configparams force-mem-access 1' command is executed.
14:39:31 INFO  : Context for 'APU' is selected.
14:39:31 INFO  : Sourcing of 'C:/ECE520_SOC/ECE520_SandBox/Ultrasonic_Proximity_Alarm_soc_re/Proximity_Alarm_soc_vitis/Proximity_Alarm_app/_ide/psinit/ps7_init.tcl' is done.
14:39:32 INFO  : 'ps7_init' command is executed.
14:39:32 INFO  : 'ps7_post_config' command is executed.
14:39:32 INFO  : Context for processor 'ps7_cortexa9_0' is selected.
14:39:32 INFO  : The application 'C:/ECE520_SOC/ECE520_SandBox/Ultrasonic_Proximity_Alarm_soc_re/Proximity_Alarm_soc_vitis/Proximity_Alarm_app/Debug/Proximity_Alarm_app.elf' is downloaded to processor 'ps7_cortexa9_0'.
14:39:32 INFO  : 'configparams force-mem-access 0' command is executed.
14:39:32 INFO  : ----------------XSDB Script----------------
connect -url tcp:127.0.0.1:3121
targets -set -nocase -filter {name =~"APU*"}
rst -system
after 3000
targets -set -filter {jtag_cable_name =~ "Digilent Zybo Z7 210351BE7A49A" && level==0 && jtag_device_ctx=="jsn-Zybo Z7-210351BE7A49A-13722093-0"}
fpga -file C:/ECE520_SOC/ECE520_SandBox/Ultrasonic_Proximity_Alarm_soc_re/Proximity_Alarm_soc_vitis/Proximity_Alarm_app/_ide/bitstream/Proximity_Alarm_bd_wrapper.bit
targets -set -nocase -filter {name =~"APU*"}
loadhw -hw C:/ECE520_SOC/ECE520_SandBox/Ultrasonic_Proximity_Alarm_soc_re/Proximity_Alarm_soc_vitis/Proximity_Alarm_plat/export/Proximity_Alarm_plat/hw/Proximity_Alarm_bd_wrapper.xsa -mem-ranges [list {0x40000000 0xbfffffff}] -regs
configparams force-mem-access 1
targets -set -nocase -filter {name =~"APU*"}
source C:/ECE520_SOC/ECE520_SandBox/Ultrasonic_Proximity_Alarm_soc_re/Proximity_Alarm_soc_vitis/Proximity_Alarm_app/_ide/psinit/ps7_init.tcl
ps7_init
ps7_post_config
targets -set -nocase -filter {name =~ "*A9*#0"}
dow C:/ECE520_SOC/ECE520_SandBox/Ultrasonic_Proximity_Alarm_soc_re/Proximity_Alarm_soc_vitis/Proximity_Alarm_app/Debug/Proximity_Alarm_app.elf
configparams force-mem-access 0
----------------End of Script----------------

14:39:32 INFO  : Context for processor 'ps7_cortexa9_0' is selected.
14:39:32 INFO  : 'con' command is executed.
14:39:32 INFO  : ----------------XSDB Script (After Launch)----------------
targets -set -nocase -filter {name =~ "*A9*#0"}
con
----------------End of Script----------------

14:39:32 INFO  : Launch script is exported to file 'C:\ECE520_SOC\ECE520_SandBox\Ultrasonic_Proximity_Alarm_soc_re\Proximity_Alarm_soc_vitis\Proximity_Alarm_app_system\_ide\scripts\debugger_proximity_alarm_app-default.tcl'
14:43:49 INFO  : Disconnected from the channel tcfchan#14.
14:43:50 INFO  : Connected to target on host '127.0.0.1' and port '3121'.
14:43:52 INFO  : Jtag cable 'Digilent Zybo Z7 210351BE7A49A' is selected.
14:43:52 INFO  : 'jtag frequency' command is executed.
14:43:52 INFO  : Context for 'APU' is selected.
14:43:52 INFO  : System reset is completed.
14:43:55 INFO  : 'after 3000' command is executed.
14:43:56 INFO  : 'targets -set -filter {jtag_cable_name =~ "Digilent Zybo Z7 210351BE7A49A" && level==0 && jtag_device_ctx=="jsn-Zybo Z7-210351BE7A49A-13722093-0"}' command is executed.
14:43:57 INFO  : Device configured successfully with "C:/ECE520_SOC/ECE520_SandBox/Ultrasonic_Proximity_Alarm_soc_re/Proximity_Alarm_soc_vitis/Proximity_Alarm_app/_ide/bitstream/Proximity_Alarm_bd_wrapper.bit"
14:43:57 INFO  : Context for 'APU' is selected.
14:43:57 INFO  : Hardware design and registers information is loaded from 'C:/ECE520_SOC/ECE520_SandBox/Ultrasonic_Proximity_Alarm_soc_re/Proximity_Alarm_soc_vitis/Proximity_Alarm_plat/export/Proximity_Alarm_plat/hw/Proximity_Alarm_bd_wrapper.xsa'.
14:43:57 INFO  : 'configparams force-mem-access 1' command is executed.
14:43:57 INFO  : Context for 'APU' is selected.
14:43:57 INFO  : Sourcing of 'C:/ECE520_SOC/ECE520_SandBox/Ultrasonic_Proximity_Alarm_soc_re/Proximity_Alarm_soc_vitis/Proximity_Alarm_app/_ide/psinit/ps7_init.tcl' is done.
14:43:58 INFO  : 'ps7_init' command is executed.
14:43:58 INFO  : 'ps7_post_config' command is executed.
14:43:58 INFO  : Context for processor 'ps7_cortexa9_0' is selected.
14:43:58 INFO  : The application 'C:/ECE520_SOC/ECE520_SandBox/Ultrasonic_Proximity_Alarm_soc_re/Proximity_Alarm_soc_vitis/Proximity_Alarm_app/Debug/Proximity_Alarm_app.elf' is downloaded to processor 'ps7_cortexa9_0'.
14:43:58 INFO  : 'configparams force-mem-access 0' command is executed.
14:43:58 INFO  : ----------------XSDB Script----------------
connect -url tcp:127.0.0.1:3121
targets -set -nocase -filter {name =~"APU*"}
rst -system
after 3000
targets -set -filter {jtag_cable_name =~ "Digilent Zybo Z7 210351BE7A49A" && level==0 && jtag_device_ctx=="jsn-Zybo Z7-210351BE7A49A-13722093-0"}
fpga -file C:/ECE520_SOC/ECE520_SandBox/Ultrasonic_Proximity_Alarm_soc_re/Proximity_Alarm_soc_vitis/Proximity_Alarm_app/_ide/bitstream/Proximity_Alarm_bd_wrapper.bit
targets -set -nocase -filter {name =~"APU*"}
loadhw -hw C:/ECE520_SOC/ECE520_SandBox/Ultrasonic_Proximity_Alarm_soc_re/Proximity_Alarm_soc_vitis/Proximity_Alarm_plat/export/Proximity_Alarm_plat/hw/Proximity_Alarm_bd_wrapper.xsa -mem-ranges [list {0x40000000 0xbfffffff}] -regs
configparams force-mem-access 1
targets -set -nocase -filter {name =~"APU*"}
source C:/ECE520_SOC/ECE520_SandBox/Ultrasonic_Proximity_Alarm_soc_re/Proximity_Alarm_soc_vitis/Proximity_Alarm_app/_ide/psinit/ps7_init.tcl
ps7_init
ps7_post_config
targets -set -nocase -filter {name =~ "*A9*#0"}
dow C:/ECE520_SOC/ECE520_SandBox/Ultrasonic_Proximity_Alarm_soc_re/Proximity_Alarm_soc_vitis/Proximity_Alarm_app/Debug/Proximity_Alarm_app.elf
configparams force-mem-access 0
----------------End of Script----------------

14:43:58 INFO  : Context for processor 'ps7_cortexa9_0' is selected.
14:43:59 INFO  : 'con' command is executed.
14:43:59 INFO  : ----------------XSDB Script (After Launch)----------------
targets -set -nocase -filter {name =~ "*A9*#0"}
con
----------------End of Script----------------

14:43:59 INFO  : Launch script is exported to file 'C:\ECE520_SOC\ECE520_SandBox\Ultrasonic_Proximity_Alarm_soc_re\Proximity_Alarm_soc_vitis\Proximity_Alarm_app_system\_ide\scripts\debugger_proximity_alarm_app-default.tcl'
14:47:37 INFO  : Disconnected from the channel tcfchan#15.
14:47:38 INFO  : Connected to target on host '127.0.0.1' and port '3121'.
14:47:39 INFO  : Jtag cable 'Digilent Zybo Z7 210351BE7A49A' is selected.
14:47:39 INFO  : 'jtag frequency' command is executed.
14:47:39 INFO  : Context for 'APU' is selected.
14:47:39 INFO  : System reset is completed.
14:47:42 INFO  : 'after 3000' command is executed.
14:47:42 INFO  : 'targets -set -filter {jtag_cable_name =~ "Digilent Zybo Z7 210351BE7A49A" && level==0 && jtag_device_ctx=="jsn-Zybo Z7-210351BE7A49A-13722093-0"}' command is executed.
14:47:44 INFO  : Device configured successfully with "C:/ECE520_SOC/ECE520_SandBox/Ultrasonic_Proximity_Alarm_soc_re/Proximity_Alarm_soc_vitis/Proximity_Alarm_app/_ide/bitstream/Proximity_Alarm_bd_wrapper.bit"
14:47:44 INFO  : Context for 'APU' is selected.
14:47:44 INFO  : Hardware design and registers information is loaded from 'C:/ECE520_SOC/ECE520_SandBox/Ultrasonic_Proximity_Alarm_soc_re/Proximity_Alarm_soc_vitis/Proximity_Alarm_plat/export/Proximity_Alarm_plat/hw/Proximity_Alarm_bd_wrapper.xsa'.
14:47:45 INFO  : 'configparams force-mem-access 1' command is executed.
14:47:45 INFO  : Context for 'APU' is selected.
14:47:45 INFO  : Sourcing of 'C:/ECE520_SOC/ECE520_SandBox/Ultrasonic_Proximity_Alarm_soc_re/Proximity_Alarm_soc_vitis/Proximity_Alarm_app/_ide/psinit/ps7_init.tcl' is done.
14:47:46 INFO  : 'ps7_init' command is executed.
14:47:46 INFO  : 'ps7_post_config' command is executed.
14:47:46 INFO  : Context for processor 'ps7_cortexa9_0' is selected.
14:47:46 INFO  : The application 'C:/ECE520_SOC/ECE520_SandBox/Ultrasonic_Proximity_Alarm_soc_re/Proximity_Alarm_soc_vitis/Proximity_Alarm_app/Debug/Proximity_Alarm_app.elf' is downloaded to processor 'ps7_cortexa9_0'.
14:47:46 INFO  : 'configparams force-mem-access 0' command is executed.
14:47:46 INFO  : ----------------XSDB Script----------------
connect -url tcp:127.0.0.1:3121
targets -set -nocase -filter {name =~"APU*"}
rst -system
after 3000
targets -set -filter {jtag_cable_name =~ "Digilent Zybo Z7 210351BE7A49A" && level==0 && jtag_device_ctx=="jsn-Zybo Z7-210351BE7A49A-13722093-0"}
fpga -file C:/ECE520_SOC/ECE520_SandBox/Ultrasonic_Proximity_Alarm_soc_re/Proximity_Alarm_soc_vitis/Proximity_Alarm_app/_ide/bitstream/Proximity_Alarm_bd_wrapper.bit
targets -set -nocase -filter {name =~"APU*"}
loadhw -hw C:/ECE520_SOC/ECE520_SandBox/Ultrasonic_Proximity_Alarm_soc_re/Proximity_Alarm_soc_vitis/Proximity_Alarm_plat/export/Proximity_Alarm_plat/hw/Proximity_Alarm_bd_wrapper.xsa -mem-ranges [list {0x40000000 0xbfffffff}] -regs
configparams force-mem-access 1
targets -set -nocase -filter {name =~"APU*"}
source C:/ECE520_SOC/ECE520_SandBox/Ultrasonic_Proximity_Alarm_soc_re/Proximity_Alarm_soc_vitis/Proximity_Alarm_app/_ide/psinit/ps7_init.tcl
ps7_init
ps7_post_config
targets -set -nocase -filter {name =~ "*A9*#0"}
dow C:/ECE520_SOC/ECE520_SandBox/Ultrasonic_Proximity_Alarm_soc_re/Proximity_Alarm_soc_vitis/Proximity_Alarm_app/Debug/Proximity_Alarm_app.elf
configparams force-mem-access 0
----------------End of Script----------------

14:47:46 INFO  : Context for processor 'ps7_cortexa9_0' is selected.
14:47:46 INFO  : 'con' command is executed.
14:47:46 INFO  : ----------------XSDB Script (After Launch)----------------
targets -set -nocase -filter {name =~ "*A9*#0"}
con
----------------End of Script----------------

14:47:46 INFO  : Launch script is exported to file 'C:\ECE520_SOC\ECE520_SandBox\Ultrasonic_Proximity_Alarm_soc_re\Proximity_Alarm_soc_vitis\Proximity_Alarm_app_system\_ide\scripts\debugger_proximity_alarm_app-default.tcl'
14:50:34 INFO  : Disconnected from the channel tcfchan#16.
14:50:35 INFO  : Connected to target on host '127.0.0.1' and port '3121'.
14:50:36 INFO  : Jtag cable 'Digilent Zybo Z7 210351BE7A49A' is selected.
14:50:36 INFO  : 'jtag frequency' command is executed.
14:50:36 INFO  : Context for 'APU' is selected.
14:50:36 INFO  : System reset is completed.
14:50:39 INFO  : 'after 3000' command is executed.
14:50:39 INFO  : 'targets -set -filter {jtag_cable_name =~ "Digilent Zybo Z7 210351BE7A49A" && level==0 && jtag_device_ctx=="jsn-Zybo Z7-210351BE7A49A-13722093-0"}' command is executed.
14:50:41 INFO  : Device configured successfully with "C:/ECE520_SOC/ECE520_SandBox/Ultrasonic_Proximity_Alarm_soc_re/Proximity_Alarm_soc_vitis/Proximity_Alarm_app/_ide/bitstream/Proximity_Alarm_bd_wrapper.bit"
14:50:41 INFO  : Context for 'APU' is selected.
14:50:42 INFO  : Hardware design and registers information is loaded from 'C:/ECE520_SOC/ECE520_SandBox/Ultrasonic_Proximity_Alarm_soc_re/Proximity_Alarm_soc_vitis/Proximity_Alarm_plat/export/Proximity_Alarm_plat/hw/Proximity_Alarm_bd_wrapper.xsa'.
14:50:42 INFO  : 'configparams force-mem-access 1' command is executed.
14:50:42 INFO  : Context for 'APU' is selected.
14:50:42 INFO  : Sourcing of 'C:/ECE520_SOC/ECE520_SandBox/Ultrasonic_Proximity_Alarm_soc_re/Proximity_Alarm_soc_vitis/Proximity_Alarm_app/_ide/psinit/ps7_init.tcl' is done.
14:50:43 INFO  : 'ps7_init' command is executed.
14:50:43 INFO  : 'ps7_post_config' command is executed.
14:50:43 INFO  : Context for processor 'ps7_cortexa9_0' is selected.
14:50:43 INFO  : The application 'C:/ECE520_SOC/ECE520_SandBox/Ultrasonic_Proximity_Alarm_soc_re/Proximity_Alarm_soc_vitis/Proximity_Alarm_app/Debug/Proximity_Alarm_app.elf' is downloaded to processor 'ps7_cortexa9_0'.
14:50:43 INFO  : 'configparams force-mem-access 0' command is executed.
14:50:43 INFO  : ----------------XSDB Script----------------
connect -url tcp:127.0.0.1:3121
targets -set -nocase -filter {name =~"APU*"}
rst -system
after 3000
targets -set -filter {jtag_cable_name =~ "Digilent Zybo Z7 210351BE7A49A" && level==0 && jtag_device_ctx=="jsn-Zybo Z7-210351BE7A49A-13722093-0"}
fpga -file C:/ECE520_SOC/ECE520_SandBox/Ultrasonic_Proximity_Alarm_soc_re/Proximity_Alarm_soc_vitis/Proximity_Alarm_app/_ide/bitstream/Proximity_Alarm_bd_wrapper.bit
targets -set -nocase -filter {name =~"APU*"}
loadhw -hw C:/ECE520_SOC/ECE520_SandBox/Ultrasonic_Proximity_Alarm_soc_re/Proximity_Alarm_soc_vitis/Proximity_Alarm_plat/export/Proximity_Alarm_plat/hw/Proximity_Alarm_bd_wrapper.xsa -mem-ranges [list {0x40000000 0xbfffffff}] -regs
configparams force-mem-access 1
targets -set -nocase -filter {name =~"APU*"}
source C:/ECE520_SOC/ECE520_SandBox/Ultrasonic_Proximity_Alarm_soc_re/Proximity_Alarm_soc_vitis/Proximity_Alarm_app/_ide/psinit/ps7_init.tcl
ps7_init
ps7_post_config
targets -set -nocase -filter {name =~ "*A9*#0"}
dow C:/ECE520_SOC/ECE520_SandBox/Ultrasonic_Proximity_Alarm_soc_re/Proximity_Alarm_soc_vitis/Proximity_Alarm_app/Debug/Proximity_Alarm_app.elf
configparams force-mem-access 0
----------------End of Script----------------

14:50:43 INFO  : Context for processor 'ps7_cortexa9_0' is selected.
14:50:43 INFO  : 'con' command is executed.
14:50:43 INFO  : ----------------XSDB Script (After Launch)----------------
targets -set -nocase -filter {name =~ "*A9*#0"}
con
----------------End of Script----------------

14:50:43 INFO  : Launch script is exported to file 'C:\ECE520_SOC\ECE520_SandBox\Ultrasonic_Proximity_Alarm_soc_re\Proximity_Alarm_soc_vitis\Proximity_Alarm_app_system\_ide\scripts\debugger_proximity_alarm_app-default.tcl'
14:52:38 INFO  : Disconnected from the channel tcfchan#17.
14:52:39 INFO  : Connected to target on host '127.0.0.1' and port '3121'.
14:52:48 INFO  : ----------------XSDB Script----------------
connect -url tcp:127.0.0.1:3121
----------------End of Script----------------

14:52:48 ERROR : Could not find ARM device on the board for connection 'Local'.
Check if the target is in:
1. Split JTAG - No operations are possible with ARM DAP.
2. Non JTAG bootmode - Bootrom may need time to enable DAP.
Please try again.


Troubleshooting hints:
1. Check whether board is connected to system properly.
2. In case of zynq board, check whether Digilent/Xilinx cable switch settings are correct.
3. If you are using Xilinx Platform Cable USB, ensure that status LED is green.
14:52:55 INFO  : Connected to target on host '127.0.0.1' and port '3121'.
14:52:56 INFO  : Jtag cable 'Digilent Zybo Z7 210351BE7A49A' is selected.
14:52:56 INFO  : 'jtag frequency' command is executed.
14:52:56 INFO  : Context for 'APU' is selected.
14:52:56 INFO  : System reset is completed.
14:52:59 INFO  : 'after 3000' command is executed.
14:52:59 INFO  : 'targets -set -filter {jtag_cable_name =~ "Digilent Zybo Z7 210351BE7A49A" && level==0 && jtag_device_ctx=="jsn-Zybo Z7-210351BE7A49A-13722093-0"}' command is executed.
14:53:02 INFO  : Device configured successfully with "C:/ECE520_SOC/ECE520_SandBox/Ultrasonic_Proximity_Alarm_soc_re/Proximity_Alarm_soc_vitis/Proximity_Alarm_app/_ide/bitstream/Proximity_Alarm_bd_wrapper.bit"
14:53:03 INFO  : Context for 'APU' is selected.
14:53:03 INFO  : Hardware design and registers information is loaded from 'C:/ECE520_SOC/ECE520_SandBox/Ultrasonic_Proximity_Alarm_soc_re/Proximity_Alarm_soc_vitis/Proximity_Alarm_plat/export/Proximity_Alarm_plat/hw/Proximity_Alarm_bd_wrapper.xsa'.
14:53:03 INFO  : 'configparams force-mem-access 1' command is executed.
14:53:04 INFO  : Context for 'APU' is selected.
14:53:04 INFO  : Sourcing of 'C:/ECE520_SOC/ECE520_SandBox/Ultrasonic_Proximity_Alarm_soc_re/Proximity_Alarm_soc_vitis/Proximity_Alarm_app/_ide/psinit/ps7_init.tcl' is done.
14:53:05 INFO  : 'ps7_init' command is executed.
14:53:05 INFO  : 'ps7_post_config' command is executed.
14:53:05 INFO  : Context for processor 'ps7_cortexa9_0' is selected.
14:53:05 INFO  : The application 'C:/ECE520_SOC/ECE520_SandBox/Ultrasonic_Proximity_Alarm_soc_re/Proximity_Alarm_soc_vitis/Proximity_Alarm_app/Debug/Proximity_Alarm_app.elf' is downloaded to processor 'ps7_cortexa9_0'.
14:53:05 INFO  : 'configparams force-mem-access 0' command is executed.
14:53:05 INFO  : ----------------XSDB Script----------------
connect -url tcp:127.0.0.1:3121
targets -set -nocase -filter {name =~"APU*"}
rst -system
after 3000
targets -set -filter {jtag_cable_name =~ "Digilent Zybo Z7 210351BE7A49A" && level==0 && jtag_device_ctx=="jsn-Zybo Z7-210351BE7A49A-13722093-0"}
fpga -file C:/ECE520_SOC/ECE520_SandBox/Ultrasonic_Proximity_Alarm_soc_re/Proximity_Alarm_soc_vitis/Proximity_Alarm_app/_ide/bitstream/Proximity_Alarm_bd_wrapper.bit
targets -set -nocase -filter {name =~"APU*"}
loadhw -hw C:/ECE520_SOC/ECE520_SandBox/Ultrasonic_Proximity_Alarm_soc_re/Proximity_Alarm_soc_vitis/Proximity_Alarm_plat/export/Proximity_Alarm_plat/hw/Proximity_Alarm_bd_wrapper.xsa -mem-ranges [list {0x40000000 0xbfffffff}] -regs
configparams force-mem-access 1
targets -set -nocase -filter {name =~"APU*"}
source C:/ECE520_SOC/ECE520_SandBox/Ultrasonic_Proximity_Alarm_soc_re/Proximity_Alarm_soc_vitis/Proximity_Alarm_app/_ide/psinit/ps7_init.tcl
ps7_init
ps7_post_config
targets -set -nocase -filter {name =~ "*A9*#0"}
dow C:/ECE520_SOC/ECE520_SandBox/Ultrasonic_Proximity_Alarm_soc_re/Proximity_Alarm_soc_vitis/Proximity_Alarm_app/Debug/Proximity_Alarm_app.elf
configparams force-mem-access 0
----------------End of Script----------------

14:53:06 INFO  : Context for processor 'ps7_cortexa9_0' is selected.
14:53:06 INFO  : 'con' command is executed.
14:53:06 INFO  : ----------------XSDB Script (After Launch)----------------
targets -set -nocase -filter {name =~ "*A9*#0"}
con
----------------End of Script----------------

14:53:06 INFO  : Launch script is exported to file 'C:\ECE520_SOC\ECE520_SandBox\Ultrasonic_Proximity_Alarm_soc_re\Proximity_Alarm_soc_vitis\Proximity_Alarm_app_system\_ide\scripts\debugger_proximity_alarm_app-default.tcl'
14:53:44 INFO  : Disconnected from the channel tcfchan#18.
14:53:46 INFO  : Connected to target on host '127.0.0.1' and port '3121'.
14:53:49 INFO  : Jtag cable 'Digilent Zybo Z7 210351BE7A49A' is selected.
14:53:49 INFO  : 'jtag frequency' command is executed.
14:53:49 INFO  : Context for 'APU' is selected.
14:53:50 INFO  : System reset is completed.
14:53:53 INFO  : 'after 3000' command is executed.
14:53:53 INFO  : 'targets -set -filter {jtag_cable_name =~ "Digilent Zybo Z7 210351BE7A49A" && level==0 && jtag_device_ctx=="jsn-Zybo Z7-210351BE7A49A-13722093-0"}' command is executed.
14:53:56 INFO  : Device configured successfully with "C:/ECE520_SOC/ECE520_SandBox/Ultrasonic_Proximity_Alarm_soc_re/Proximity_Alarm_soc_vitis/Proximity_Alarm_app/_ide/bitstream/Proximity_Alarm_bd_wrapper.bit"
14:53:56 INFO  : Context for 'APU' is selected.
14:53:57 INFO  : Hardware design and registers information is loaded from 'C:/ECE520_SOC/ECE520_SandBox/Ultrasonic_Proximity_Alarm_soc_re/Proximity_Alarm_soc_vitis/Proximity_Alarm_plat/export/Proximity_Alarm_plat/hw/Proximity_Alarm_bd_wrapper.xsa'.
14:53:57 INFO  : 'configparams force-mem-access 1' command is executed.
14:53:58 INFO  : Context for 'APU' is selected.
14:53:58 INFO  : Sourcing of 'C:/ECE520_SOC/ECE520_SandBox/Ultrasonic_Proximity_Alarm_soc_re/Proximity_Alarm_soc_vitis/Proximity_Alarm_app/_ide/psinit/ps7_init.tcl' is done.
14:54:03 INFO  : 'ps7_init' command is executed.
14:54:03 INFO  : 'ps7_post_config' command is executed.
14:54:03 INFO  : Context for processor 'ps7_cortexa9_0' is selected.
14:54:04 INFO  : The application 'C:/ECE520_SOC/ECE520_SandBox/Ultrasonic_Proximity_Alarm_soc_re/Proximity_Alarm_soc_vitis/Proximity_Alarm_app/Debug/Proximity_Alarm_app.elf' is downloaded to processor 'ps7_cortexa9_0'.
14:54:04 INFO  : 'configparams force-mem-access 0' command is executed.
14:54:04 INFO  : ----------------XSDB Script----------------
connect -url tcp:127.0.0.1:3121
targets -set -nocase -filter {name =~"APU*"}
rst -system
after 3000
targets -set -filter {jtag_cable_name =~ "Digilent Zybo Z7 210351BE7A49A" && level==0 && jtag_device_ctx=="jsn-Zybo Z7-210351BE7A49A-13722093-0"}
fpga -file C:/ECE520_SOC/ECE520_SandBox/Ultrasonic_Proximity_Alarm_soc_re/Proximity_Alarm_soc_vitis/Proximity_Alarm_app/_ide/bitstream/Proximity_Alarm_bd_wrapper.bit
targets -set -nocase -filter {name =~"APU*"}
loadhw -hw C:/ECE520_SOC/ECE520_SandBox/Ultrasonic_Proximity_Alarm_soc_re/Proximity_Alarm_soc_vitis/Proximity_Alarm_plat/export/Proximity_Alarm_plat/hw/Proximity_Alarm_bd_wrapper.xsa -mem-ranges [list {0x40000000 0xbfffffff}] -regs
configparams force-mem-access 1
targets -set -nocase -filter {name =~"APU*"}
source C:/ECE520_SOC/ECE520_SandBox/Ultrasonic_Proximity_Alarm_soc_re/Proximity_Alarm_soc_vitis/Proximity_Alarm_app/_ide/psinit/ps7_init.tcl
ps7_init
ps7_post_config
targets -set -nocase -filter {name =~ "*A9*#0"}
dow C:/ECE520_SOC/ECE520_SandBox/Ultrasonic_Proximity_Alarm_soc_re/Proximity_Alarm_soc_vitis/Proximity_Alarm_app/Debug/Proximity_Alarm_app.elf
configparams force-mem-access 0
----------------End of Script----------------

14:54:04 INFO  : Context for processor 'ps7_cortexa9_0' is selected.
14:54:05 INFO  : 'con' command is executed.
14:54:05 INFO  : ----------------XSDB Script (After Launch)----------------
targets -set -nocase -filter {name =~ "*A9*#0"}
con
----------------End of Script----------------

14:54:05 INFO  : Launch script is exported to file 'C:\ECE520_SOC\ECE520_SandBox\Ultrasonic_Proximity_Alarm_soc_re\Proximity_Alarm_soc_vitis\Proximity_Alarm_app_system\_ide\scripts\debugger_proximity_alarm_app-default.tcl'
15:15:02 INFO  : Hardware specification for platform project 'Proximity_Alarm_plat' is updated.
15:20:55 INFO  : Result from executing command 'getProjects': Proximity_Alarm_plat
15:20:55 INFO  : Result from executing command 'getPlatforms': Proximity_Alarm_plat|C:/ECE520_SOC/ECE520_SandBox/Ultrasonic_Proximity_Alarm_soc_re/Proximity_Alarm_soc_vitis/Proximity_Alarm_plat/export/Proximity_Alarm_plat/Proximity_Alarm_plat.xpfm;xilinx_zcu102_base_202310_1|C:/Xilinx/Vitis/2023.1/base_platforms/xilinx_zcu102_base_202310_1/xilinx_zcu102_base_202310_1.xpfm;xilinx_zcu102_base_dfx_202310_1|C:/Xilinx/Vitis/2023.1/base_platforms/xilinx_zcu102_base_dfx_202310_1/xilinx_zcu102_base_dfx_202310_1.xpfm;xilinx_zcu104_base_202310_1|C:/Xilinx/Vitis/2023.1/base_platforms/xilinx_zcu104_base_202310_1/xilinx_zcu104_base_202310_1.xpfm
15:20:59 INFO  : Checking for BSP changes to sync application flags for project 'Proximity_Alarm_app'...
15:22:08 INFO  : The hardware specification used by project 'Proximity_Alarm_app' is out of sync with the platform. Resource files extracted from the hardware specification will be updated.
15:22:08 INFO  : The file 'C:\ECE520_SOC\ECE520_SandBox\Ultrasonic_Proximity_Alarm_soc_re\Proximity_Alarm_soc_vitis\Proximity_Alarm_app\_ide\bitstream\Proximity_Alarm_bd_wrapper.bit' stored in project is removed.
15:22:09 INFO  : The updated bitstream files are copied from platform to folder 'C:\ECE520_SOC\ECE520_SandBox\Ultrasonic_Proximity_Alarm_soc_re\Proximity_Alarm_soc_vitis\Proximity_Alarm_app\_ide\bitstream' in project 'Proximity_Alarm_app'.
15:22:09 INFO  : The file 'C:\ECE520_SOC\ECE520_SandBox\Ultrasonic_Proximity_Alarm_soc_re\Proximity_Alarm_soc_vitis\Proximity_Alarm_app\_ide\psinit\ps7_init.tcl' stored in project is removed.
15:22:55 INFO  : The updated ps init files are copied from platform to folder 'C:\ECE520_SOC\ECE520_SandBox\Ultrasonic_Proximity_Alarm_soc_re\Proximity_Alarm_soc_vitis\Proximity_Alarm_app\_ide\psinit' in project 'Proximity_Alarm_app'.
15:26:03 INFO  : Checking for BSP changes to sync application flags for project 'Proximity_Alarm_app'...
15:29:27 INFO  : Checking for BSP changes to sync application flags for project 'Proximity_Alarm_app'...
15:33:37 INFO  : Disconnected from the channel tcfchan#19.
15:33:45 INFO  : Connected to target on host '127.0.0.1' and port '3121'.
15:33:50 INFO  : Jtag cable 'Digilent Zybo Z7 210351BE7A49A' is selected.
15:33:50 INFO  : 'jtag frequency' command is executed.
15:33:50 INFO  : Context for 'APU' is selected.
15:33:51 INFO  : System reset is completed.
15:33:54 INFO  : 'after 3000' command is executed.
15:33:55 INFO  : 'targets -set -filter {jtag_cable_name =~ "Digilent Zybo Z7 210351BE7A49A" && level==0 && jtag_device_ctx=="jsn-Zybo Z7-210351BE7A49A-13722093-0"}' command is executed.
15:33:58 INFO  : Device configured successfully with "C:/ECE520_SOC/ECE520_SandBox/Ultrasonic_Proximity_Alarm_soc_re/Proximity_Alarm_soc_vitis/Proximity_Alarm_app/_ide/bitstream/Proximity_Alarm_bd_wrapper.bit"
15:33:58 INFO  : Context for 'APU' is selected.
15:33:59 INFO  : Hardware design and registers information is loaded from 'C:/ECE520_SOC/ECE520_SandBox/Ultrasonic_Proximity_Alarm_soc_re/Proximity_Alarm_soc_vitis/Proximity_Alarm_plat/export/Proximity_Alarm_plat/hw/Proximity_Alarm_bd_wrapper.xsa'.
15:33:59 INFO  : 'configparams force-mem-access 1' command is executed.
15:33:59 INFO  : Context for 'APU' is selected.
15:34:00 INFO  : Sourcing of 'C:/ECE520_SOC/ECE520_SandBox/Ultrasonic_Proximity_Alarm_soc_re/Proximity_Alarm_soc_vitis/Proximity_Alarm_app/_ide/psinit/ps7_init.tcl' is done.
15:34:05 INFO  : 'ps7_init' command is executed.
15:34:05 INFO  : 'ps7_post_config' command is executed.
15:34:05 INFO  : Context for processor 'ps7_cortexa9_0' is selected.
15:34:07 INFO  : The application 'C:/ECE520_SOC/ECE520_SandBox/Ultrasonic_Proximity_Alarm_soc_re/Proximity_Alarm_soc_vitis/Proximity_Alarm_app/Debug/Proximity_Alarm_app.elf' is downloaded to processor 'ps7_cortexa9_0'.
15:34:07 INFO  : 'configparams force-mem-access 0' command is executed.
15:34:07 INFO  : ----------------XSDB Script----------------
connect -url tcp:127.0.0.1:3121
targets -set -nocase -filter {name =~"APU*"}
rst -system
after 3000
targets -set -filter {jtag_cable_name =~ "Digilent Zybo Z7 210351BE7A49A" && level==0 && jtag_device_ctx=="jsn-Zybo Z7-210351BE7A49A-13722093-0"}
fpga -file C:/ECE520_SOC/ECE520_SandBox/Ultrasonic_Proximity_Alarm_soc_re/Proximity_Alarm_soc_vitis/Proximity_Alarm_app/_ide/bitstream/Proximity_Alarm_bd_wrapper.bit
targets -set -nocase -filter {name =~"APU*"}
loadhw -hw C:/ECE520_SOC/ECE520_SandBox/Ultrasonic_Proximity_Alarm_soc_re/Proximity_Alarm_soc_vitis/Proximity_Alarm_plat/export/Proximity_Alarm_plat/hw/Proximity_Alarm_bd_wrapper.xsa -mem-ranges [list {0x40000000 0xbfffffff}] -regs
configparams force-mem-access 1
targets -set -nocase -filter {name =~"APU*"}
source C:/ECE520_SOC/ECE520_SandBox/Ultrasonic_Proximity_Alarm_soc_re/Proximity_Alarm_soc_vitis/Proximity_Alarm_app/_ide/psinit/ps7_init.tcl
ps7_init
ps7_post_config
targets -set -nocase -filter {name =~ "*A9*#0"}
dow C:/ECE520_SOC/ECE520_SandBox/Ultrasonic_Proximity_Alarm_soc_re/Proximity_Alarm_soc_vitis/Proximity_Alarm_app/Debug/Proximity_Alarm_app.elf
configparams force-mem-access 0
----------------End of Script----------------

15:34:07 INFO  : Context for processor 'ps7_cortexa9_0' is selected.
15:34:09 INFO  : 'con' command is executed.
15:34:09 INFO  : ----------------XSDB Script (After Launch)----------------
targets -set -nocase -filter {name =~ "*A9*#0"}
con
----------------End of Script----------------

15:34:09 INFO  : Launch script is exported to file 'C:\ECE520_SOC\ECE520_SandBox\Ultrasonic_Proximity_Alarm_soc_re\Proximity_Alarm_soc_vitis\Proximity_Alarm_app_system\_ide\scripts\debugger_proximity_alarm_app-default.tcl'
15:52:56 INFO  : Hardware specification for platform project 'Proximity_Alarm_plat' is updated.
15:58:32 INFO  : Result from executing command 'getProjects': Proximity_Alarm_plat
15:58:32 INFO  : Result from executing command 'getPlatforms': xilinx_zcu102_base_202310_1|C:/Xilinx/Vitis/2023.1/base_platforms/xilinx_zcu102_base_202310_1/xilinx_zcu102_base_202310_1.xpfm;xilinx_zcu102_base_dfx_202310_1|C:/Xilinx/Vitis/2023.1/base_platforms/xilinx_zcu102_base_dfx_202310_1/xilinx_zcu102_base_dfx_202310_1.xpfm;xilinx_zcu104_base_202310_1|C:/Xilinx/Vitis/2023.1/base_platforms/xilinx_zcu104_base_202310_1/xilinx_zcu104_base_202310_1.xpfm
15:58:37 INFO  : Checking for BSP changes to sync application flags for project 'Proximity_Alarm_app'...
16:00:37 INFO  : The hardware specification used by project 'Proximity_Alarm_app' is out of sync with the platform. Resource files extracted from the hardware specification will be updated.
16:00:37 INFO  : The file 'C:\ECE520_SOC\ECE520_SandBox\Ultrasonic_Proximity_Alarm_soc_re\Proximity_Alarm_soc_vitis\Proximity_Alarm_app\_ide\bitstream\Proximity_Alarm_bd_wrapper.bit' stored in project is removed.
16:00:37 INFO  : The updated bitstream files are copied from platform to folder 'C:\ECE520_SOC\ECE520_SandBox\Ultrasonic_Proximity_Alarm_soc_re\Proximity_Alarm_soc_vitis\Proximity_Alarm_app\_ide\bitstream' in project 'Proximity_Alarm_app'.
16:00:37 INFO  : The file 'C:\ECE520_SOC\ECE520_SandBox\Ultrasonic_Proximity_Alarm_soc_re\Proximity_Alarm_soc_vitis\Proximity_Alarm_app\_ide\psinit\ps7_init.tcl' stored in project is removed.
16:02:11 INFO  : The updated ps init files are copied from platform to folder 'C:\ECE520_SOC\ECE520_SandBox\Ultrasonic_Proximity_Alarm_soc_re\Proximity_Alarm_soc_vitis\Proximity_Alarm_app\_ide\psinit' in project 'Proximity_Alarm_app'.
16:07:26 INFO  : Disconnected from the channel tcfchan#24.
16:07:36 INFO  : Connected to target on host '127.0.0.1' and port '3121'.
16:07:42 INFO  : Jtag cable 'Digilent Zybo Z7 210351BE7A49A' is selected.
16:07:42 INFO  : 'jtag frequency' command is executed.
16:07:42 INFO  : Context for 'APU' is selected.
16:07:43 INFO  : System reset is completed.
16:07:46 INFO  : 'after 3000' command is executed.
16:07:47 INFO  : 'targets -set -filter {jtag_cable_name =~ "Digilent Zybo Z7 210351BE7A49A" && level==0 && jtag_device_ctx=="jsn-Zybo Z7-210351BE7A49A-13722093-0"}' command is executed.
16:07:49 INFO  : Device configured successfully with "C:/ECE520_SOC/ECE520_SandBox/Ultrasonic_Proximity_Alarm_soc_re/Proximity_Alarm_soc_vitis/Proximity_Alarm_app/_ide/bitstream/Proximity_Alarm_bd_wrapper.bit"
16:07:50 INFO  : Context for 'APU' is selected.
16:07:52 INFO  : Hardware design and registers information is loaded from 'C:/ECE520_SOC/ECE520_SandBox/Ultrasonic_Proximity_Alarm_soc_re/Proximity_Alarm_soc_vitis/Proximity_Alarm_plat/export/Proximity_Alarm_plat/hw/Proximity_Alarm_bd_wrapper.xsa'.
16:07:52 INFO  : 'configparams force-mem-access 1' command is executed.
16:07:54 INFO  : Context for 'APU' is selected.
16:07:54 INFO  : Sourcing of 'C:/ECE520_SOC/ECE520_SandBox/Ultrasonic_Proximity_Alarm_soc_re/Proximity_Alarm_soc_vitis/Proximity_Alarm_app/_ide/psinit/ps7_init.tcl' is done.
16:07:57 INFO  : 'ps7_init' command is executed.
16:07:58 INFO  : 'ps7_post_config' command is executed.
16:07:58 INFO  : Context for processor 'ps7_cortexa9_0' is selected.
16:08:02 INFO  : The application 'C:/ECE520_SOC/ECE520_SandBox/Ultrasonic_Proximity_Alarm_soc_re/Proximity_Alarm_soc_vitis/Proximity_Alarm_app/Debug/Proximity_Alarm_app.elf' is downloaded to processor 'ps7_cortexa9_0'.
16:08:02 INFO  : 'configparams force-mem-access 0' command is executed.
16:08:02 INFO  : ----------------XSDB Script----------------
connect -url tcp:127.0.0.1:3121
targets -set -nocase -filter {name =~"APU*"}
rst -system
after 3000
targets -set -filter {jtag_cable_name =~ "Digilent Zybo Z7 210351BE7A49A" && level==0 && jtag_device_ctx=="jsn-Zybo Z7-210351BE7A49A-13722093-0"}
fpga -file C:/ECE520_SOC/ECE520_SandBox/Ultrasonic_Proximity_Alarm_soc_re/Proximity_Alarm_soc_vitis/Proximity_Alarm_app/_ide/bitstream/Proximity_Alarm_bd_wrapper.bit
targets -set -nocase -filter {name =~"APU*"}
loadhw -hw C:/ECE520_SOC/ECE520_SandBox/Ultrasonic_Proximity_Alarm_soc_re/Proximity_Alarm_soc_vitis/Proximity_Alarm_plat/export/Proximity_Alarm_plat/hw/Proximity_Alarm_bd_wrapper.xsa -mem-ranges [list {0x40000000 0xbfffffff}] -regs
configparams force-mem-access 1
targets -set -nocase -filter {name =~"APU*"}
source C:/ECE520_SOC/ECE520_SandBox/Ultrasonic_Proximity_Alarm_soc_re/Proximity_Alarm_soc_vitis/Proximity_Alarm_app/_ide/psinit/ps7_init.tcl
ps7_init
ps7_post_config
targets -set -nocase -filter {name =~ "*A9*#0"}
dow C:/ECE520_SOC/ECE520_SandBox/Ultrasonic_Proximity_Alarm_soc_re/Proximity_Alarm_soc_vitis/Proximity_Alarm_app/Debug/Proximity_Alarm_app.elf
configparams force-mem-access 0
----------------End of Script----------------

16:08:03 INFO  : Context for processor 'ps7_cortexa9_0' is selected.
16:08:04 INFO  : 'con' command is executed.
16:08:04 INFO  : ----------------XSDB Script (After Launch)----------------
targets -set -nocase -filter {name =~ "*A9*#0"}
con
----------------End of Script----------------

16:08:04 INFO  : Launch script is exported to file 'C:\ECE520_SOC\ECE520_SandBox\Ultrasonic_Proximity_Alarm_soc_re\Proximity_Alarm_soc_vitis\Proximity_Alarm_app_system\_ide\scripts\debugger_proximity_alarm_app-default.tcl'
16:14:12 INFO  : Checking for BSP changes to sync application flags for project 'Proximity_Alarm_app'...
16:20:02 INFO  : Disconnected from the channel tcfchan#27.
16:20:03 INFO  : Connected to target on host '127.0.0.1' and port '3121'.
16:20:10 INFO  : Jtag cable 'Digilent Zybo Z7 210351BE7A49A' is selected.
16:20:11 INFO  : 'jtag frequency' command is executed.
16:20:11 INFO  : Context for 'APU' is selected.
16:20:12 INFO  : System reset is completed.
16:20:15 INFO  : 'after 3000' command is executed.
16:20:18 INFO  : 'targets -set -filter {jtag_cable_name =~ "Digilent Zybo Z7 210351BE7A49A" && level==0 && jtag_device_ctx=="jsn-Zybo Z7-210351BE7A49A-13722093-0"}' command is executed.
16:20:20 INFO  : Device configured successfully with "C:/ECE520_SOC/ECE520_SandBox/Ultrasonic_Proximity_Alarm_soc_re/Proximity_Alarm_soc_vitis/Proximity_Alarm_app/_ide/bitstream/Proximity_Alarm_bd_wrapper.bit"
16:20:21 INFO  : Context for 'APU' is selected.
16:20:22 INFO  : Hardware design and registers information is loaded from 'C:/ECE520_SOC/ECE520_SandBox/Ultrasonic_Proximity_Alarm_soc_re/Proximity_Alarm_soc_vitis/Proximity_Alarm_plat/export/Proximity_Alarm_plat/hw/Proximity_Alarm_bd_wrapper.xsa'.
16:20:22 INFO  : 'configparams force-mem-access 1' command is executed.
16:20:23 INFO  : Context for 'APU' is selected.
16:20:23 INFO  : Sourcing of 'C:/ECE520_SOC/ECE520_SandBox/Ultrasonic_Proximity_Alarm_soc_re/Proximity_Alarm_soc_vitis/Proximity_Alarm_app/_ide/psinit/ps7_init.tcl' is done.
16:20:33 INFO  : 'ps7_init' command is executed.
16:20:33 INFO  : 'ps7_post_config' command is executed.
16:20:33 INFO  : Context for processor 'ps7_cortexa9_0' is selected.
16:20:35 INFO  : The application 'C:/ECE520_SOC/ECE520_SandBox/Ultrasonic_Proximity_Alarm_soc_re/Proximity_Alarm_soc_vitis/Proximity_Alarm_app/Debug/Proximity_Alarm_app.elf' is downloaded to processor 'ps7_cortexa9_0'.
16:20:35 INFO  : 'configparams force-mem-access 0' command is executed.
16:20:35 INFO  : ----------------XSDB Script----------------
connect -url tcp:127.0.0.1:3121
targets -set -nocase -filter {name =~"APU*"}
rst -system
after 3000
targets -set -filter {jtag_cable_name =~ "Digilent Zybo Z7 210351BE7A49A" && level==0 && jtag_device_ctx=="jsn-Zybo Z7-210351BE7A49A-13722093-0"}
fpga -file C:/ECE520_SOC/ECE520_SandBox/Ultrasonic_Proximity_Alarm_soc_re/Proximity_Alarm_soc_vitis/Proximity_Alarm_app/_ide/bitstream/Proximity_Alarm_bd_wrapper.bit
targets -set -nocase -filter {name =~"APU*"}
loadhw -hw C:/ECE520_SOC/ECE520_SandBox/Ultrasonic_Proximity_Alarm_soc_re/Proximity_Alarm_soc_vitis/Proximity_Alarm_plat/export/Proximity_Alarm_plat/hw/Proximity_Alarm_bd_wrapper.xsa -mem-ranges [list {0x40000000 0xbfffffff}] -regs
configparams force-mem-access 1
targets -set -nocase -filter {name =~"APU*"}
source C:/ECE520_SOC/ECE520_SandBox/Ultrasonic_Proximity_Alarm_soc_re/Proximity_Alarm_soc_vitis/Proximity_Alarm_app/_ide/psinit/ps7_init.tcl
ps7_init
ps7_post_config
targets -set -nocase -filter {name =~ "*A9*#0"}
dow C:/ECE520_SOC/ECE520_SandBox/Ultrasonic_Proximity_Alarm_soc_re/Proximity_Alarm_soc_vitis/Proximity_Alarm_app/Debug/Proximity_Alarm_app.elf
configparams force-mem-access 0
----------------End of Script----------------

16:20:37 INFO  : Context for processor 'ps7_cortexa9_0' is selected.
16:20:37 INFO  : 'con' command is executed.
16:20:37 INFO  : ----------------XSDB Script (After Launch)----------------
targets -set -nocase -filter {name =~ "*A9*#0"}
con
----------------End of Script----------------

16:20:37 INFO  : Launch script is exported to file 'C:\ECE520_SOC\ECE520_SandBox\Ultrasonic_Proximity_Alarm_soc_re\Proximity_Alarm_soc_vitis\Proximity_Alarm_app_system\_ide\scripts\debugger_proximity_alarm_app-default.tcl'
17:14:06 INFO  : Hardware specification for platform project 'Proximity_Alarm_plat' is updated.
17:23:01 INFO  : Result from executing command 'getProjects': Proximity_Alarm_plat
17:23:01 INFO  : Result from executing command 'getPlatforms': xilinx_zcu102_base_202310_1|C:/Xilinx/Vitis/2023.1/base_platforms/xilinx_zcu102_base_202310_1/xilinx_zcu102_base_202310_1.xpfm;xilinx_zcu102_base_dfx_202310_1|C:/Xilinx/Vitis/2023.1/base_platforms/xilinx_zcu102_base_dfx_202310_1/xilinx_zcu102_base_dfx_202310_1.xpfm;xilinx_zcu104_base_202310_1|C:/Xilinx/Vitis/2023.1/base_platforms/xilinx_zcu104_base_202310_1/xilinx_zcu104_base_202310_1.xpfm
17:23:31 INFO  : Checking for BSP changes to sync application flags for project 'Proximity_Alarm_app'...
17:25:27 INFO  : The hardware specification used by project 'Proximity_Alarm_app' is out of sync with the platform. Resource files extracted from the hardware specification will be updated.
17:25:28 INFO  : The file 'C:\ECE520_SOC\ECE520_SandBox\Ultrasonic_Proximity_Alarm_soc_re\Proximity_Alarm_soc_vitis\Proximity_Alarm_app\_ide\bitstream\Proximity_Alarm_bd_wrapper.bit' stored in project is removed.
17:25:29 INFO  : The updated bitstream files are copied from platform to folder 'C:\ECE520_SOC\ECE520_SandBox\Ultrasonic_Proximity_Alarm_soc_re\Proximity_Alarm_soc_vitis\Proximity_Alarm_app\_ide\bitstream' in project 'Proximity_Alarm_app'.
17:25:29 INFO  : The file 'C:\ECE520_SOC\ECE520_SandBox\Ultrasonic_Proximity_Alarm_soc_re\Proximity_Alarm_soc_vitis\Proximity_Alarm_app\_ide\psinit\ps7_init.tcl' stored in project is removed.
17:26:47 INFO  : The updated ps init files are copied from platform to folder 'C:\ECE520_SOC\ECE520_SandBox\Ultrasonic_Proximity_Alarm_soc_re\Proximity_Alarm_soc_vitis\Proximity_Alarm_app\_ide\psinit' in project 'Proximity_Alarm_app'.
17:35:00 INFO  : Disconnected from the channel tcfchan#29.
17:35:25 INFO  : Connected to target on host '127.0.0.1' and port '3121'.
17:35:34 INFO  : Jtag cable 'Digilent Zybo Z7 210351BE7A49A' is selected.
17:35:35 INFO  : 'jtag frequency' command is executed.
17:35:36 INFO  : Context for 'APU' is selected.
17:35:36 INFO  : System reset is completed.
17:35:40 INFO  : 'after 3000' command is executed.
17:35:42 INFO  : 'targets -set -filter {jtag_cable_name =~ "Digilent Zybo Z7 210351BE7A49A" && level==0 && jtag_device_ctx=="jsn-Zybo Z7-210351BE7A49A-13722093-0"}' command is executed.
17:35:44 INFO  : Device configured successfully with "C:/ECE520_SOC/ECE520_SandBox/Ultrasonic_Proximity_Alarm_soc_re/Proximity_Alarm_soc_vitis/Proximity_Alarm_app/_ide/bitstream/Proximity_Alarm_bd_wrapper.bit"
17:35:45 INFO  : Context for 'APU' is selected.
17:35:45 INFO  : Hardware design and registers information is loaded from 'C:/ECE520_SOC/ECE520_SandBox/Ultrasonic_Proximity_Alarm_soc_re/Proximity_Alarm_soc_vitis/Proximity_Alarm_plat/export/Proximity_Alarm_plat/hw/Proximity_Alarm_bd_wrapper.xsa'.
17:35:47 INFO  : 'configparams force-mem-access 1' command is executed.
17:35:48 INFO  : Context for 'APU' is selected.
17:35:49 INFO  : Sourcing of 'C:/ECE520_SOC/ECE520_SandBox/Ultrasonic_Proximity_Alarm_soc_re/Proximity_Alarm_soc_vitis/Proximity_Alarm_app/_ide/psinit/ps7_init.tcl' is done.
17:35:56 INFO  : 'ps7_init' command is executed.
17:35:57 INFO  : 'ps7_post_config' command is executed.
17:35:58 INFO  : Context for processor 'ps7_cortexa9_0' is selected.
17:36:01 INFO  : The application 'C:/ECE520_SOC/ECE520_SandBox/Ultrasonic_Proximity_Alarm_soc_re/Proximity_Alarm_soc_vitis/Proximity_Alarm_app/Debug/Proximity_Alarm_app.elf' is downloaded to processor 'ps7_cortexa9_0'.
17:36:01 INFO  : 'configparams force-mem-access 0' command is executed.
17:36:01 INFO  : ----------------XSDB Script----------------
connect -url tcp:127.0.0.1:3121
targets -set -nocase -filter {name =~"APU*"}
rst -system
after 3000
targets -set -filter {jtag_cable_name =~ "Digilent Zybo Z7 210351BE7A49A" && level==0 && jtag_device_ctx=="jsn-Zybo Z7-210351BE7A49A-13722093-0"}
fpga -file C:/ECE520_SOC/ECE520_SandBox/Ultrasonic_Proximity_Alarm_soc_re/Proximity_Alarm_soc_vitis/Proximity_Alarm_app/_ide/bitstream/Proximity_Alarm_bd_wrapper.bit
targets -set -nocase -filter {name =~"APU*"}
loadhw -hw C:/ECE520_SOC/ECE520_SandBox/Ultrasonic_Proximity_Alarm_soc_re/Proximity_Alarm_soc_vitis/Proximity_Alarm_plat/export/Proximity_Alarm_plat/hw/Proximity_Alarm_bd_wrapper.xsa -mem-ranges [list {0x40000000 0xbfffffff}] -regs
configparams force-mem-access 1
targets -set -nocase -filter {name =~"APU*"}
source C:/ECE520_SOC/ECE520_SandBox/Ultrasonic_Proximity_Alarm_soc_re/Proximity_Alarm_soc_vitis/Proximity_Alarm_app/_ide/psinit/ps7_init.tcl
ps7_init
ps7_post_config
targets -set -nocase -filter {name =~ "*A9*#0"}
dow C:/ECE520_SOC/ECE520_SandBox/Ultrasonic_Proximity_Alarm_soc_re/Proximity_Alarm_soc_vitis/Proximity_Alarm_app/Debug/Proximity_Alarm_app.elf
configparams force-mem-access 0
----------------End of Script----------------

17:36:03 INFO  : Context for processor 'ps7_cortexa9_0' is selected.
17:36:05 INFO  : 'con' command is executed.
17:36:05 INFO  : ----------------XSDB Script (After Launch)----------------
targets -set -nocase -filter {name =~ "*A9*#0"}
con
----------------End of Script----------------

17:36:05 INFO  : Launch script is exported to file 'C:\ECE520_SOC\ECE520_SandBox\Ultrasonic_Proximity_Alarm_soc_re\Proximity_Alarm_soc_vitis\Proximity_Alarm_app_system\_ide\scripts\debugger_proximity_alarm_app-default.tcl'
18:21:16 INFO  : Hardware specification for platform project 'Proximity_Alarm_plat' is updated.
18:26:19 INFO  : Result from executing command 'getProjects': Proximity_Alarm_plat
18:26:19 INFO  : Result from executing command 'getPlatforms': xilinx_zcu102_base_202310_1|C:/Xilinx/Vitis/2023.1/base_platforms/xilinx_zcu102_base_202310_1/xilinx_zcu102_base_202310_1.xpfm;xilinx_zcu102_base_dfx_202310_1|C:/Xilinx/Vitis/2023.1/base_platforms/xilinx_zcu102_base_dfx_202310_1/xilinx_zcu102_base_dfx_202310_1.xpfm;xilinx_zcu104_base_202310_1|C:/Xilinx/Vitis/2023.1/base_platforms/xilinx_zcu104_base_202310_1/xilinx_zcu104_base_202310_1.xpfm
18:26:28 INFO  : Checking for BSP changes to sync application flags for project 'Proximity_Alarm_app'...
18:28:44 INFO  : The hardware specification used by project 'Proximity_Alarm_app' is out of sync with the platform. Resource files extracted from the hardware specification will be updated.
18:28:44 INFO  : The file 'C:\ECE520_SOC\ECE520_SandBox\Ultrasonic_Proximity_Alarm_soc_re\Proximity_Alarm_soc_vitis\Proximity_Alarm_app\_ide\bitstream\Proximity_Alarm_bd_wrapper.bit' stored in project is removed.
18:28:45 INFO  : The updated bitstream files are copied from platform to folder 'C:\ECE520_SOC\ECE520_SandBox\Ultrasonic_Proximity_Alarm_soc_re\Proximity_Alarm_soc_vitis\Proximity_Alarm_app\_ide\bitstream' in project 'Proximity_Alarm_app'.
18:28:45 INFO  : The file 'C:\ECE520_SOC\ECE520_SandBox\Ultrasonic_Proximity_Alarm_soc_re\Proximity_Alarm_soc_vitis\Proximity_Alarm_app\_ide\psinit\ps7_init.tcl' stored in project is removed.
18:30:17 INFO  : The updated ps init files are copied from platform to folder 'C:\ECE520_SOC\ECE520_SandBox\Ultrasonic_Proximity_Alarm_soc_re\Proximity_Alarm_soc_vitis\Proximity_Alarm_app\_ide\psinit' in project 'Proximity_Alarm_app'.
18:45:42 INFO  : Checking for BSP changes to sync application flags for project 'Proximity_Alarm_app'...
18:53:22 INFO  : Disconnected from the channel tcfchan#32.
18:53:34 INFO  : Connected to target on host '127.0.0.1' and port '3121'.
18:53:43 INFO  : Jtag cable 'Digilent Zybo Z7 210351BE7A49A' is selected.
18:53:44 INFO  : 'jtag frequency' command is executed.
18:53:44 INFO  : Context for 'APU' is selected.
18:53:46 INFO  : System reset is completed.
18:53:50 INFO  : 'after 3000' command is executed.
18:53:52 INFO  : 'targets -set -filter {jtag_cable_name =~ "Digilent Zybo Z7 210351BE7A49A" && level==0 && jtag_device_ctx=="jsn-Zybo Z7-210351BE7A49A-13722093-0"}' command is executed.
18:53:54 INFO  : Device configured successfully with "C:/ECE520_SOC/ECE520_SandBox/Ultrasonic_Proximity_Alarm_soc_re/Proximity_Alarm_soc_vitis/Proximity_Alarm_app/_ide/bitstream/Proximity_Alarm_bd_wrapper.bit"
18:53:54 INFO  : Context for 'APU' is selected.
18:53:56 INFO  : Hardware design and registers information is loaded from 'C:/ECE520_SOC/ECE520_SandBox/Ultrasonic_Proximity_Alarm_soc_re/Proximity_Alarm_soc_vitis/Proximity_Alarm_plat/export/Proximity_Alarm_plat/hw/Proximity_Alarm_bd_wrapper.xsa'.
18:53:56 INFO  : 'configparams force-mem-access 1' command is executed.
18:53:59 INFO  : Context for 'APU' is selected.
18:53:59 INFO  : Sourcing of 'C:/ECE520_SOC/ECE520_SandBox/Ultrasonic_Proximity_Alarm_soc_re/Proximity_Alarm_soc_vitis/Proximity_Alarm_app/_ide/psinit/ps7_init.tcl' is done.
18:54:08 INFO  : 'ps7_init' command is executed.
18:54:08 INFO  : 'ps7_post_config' command is executed.
18:54:08 INFO  : Context for processor 'ps7_cortexa9_0' is selected.
18:54:10 INFO  : The application 'C:/ECE520_SOC/ECE520_SandBox/Ultrasonic_Proximity_Alarm_soc_re/Proximity_Alarm_soc_vitis/Proximity_Alarm_app/Debug/Proximity_Alarm_app.elf' is downloaded to processor 'ps7_cortexa9_0'.
18:54:10 INFO  : 'configparams force-mem-access 0' command is executed.
18:54:10 INFO  : ----------------XSDB Script----------------
connect -url tcp:127.0.0.1:3121
targets -set -nocase -filter {name =~"APU*"}
rst -system
after 3000
targets -set -filter {jtag_cable_name =~ "Digilent Zybo Z7 210351BE7A49A" && level==0 && jtag_device_ctx=="jsn-Zybo Z7-210351BE7A49A-13722093-0"}
fpga -file C:/ECE520_SOC/ECE520_SandBox/Ultrasonic_Proximity_Alarm_soc_re/Proximity_Alarm_soc_vitis/Proximity_Alarm_app/_ide/bitstream/Proximity_Alarm_bd_wrapper.bit
targets -set -nocase -filter {name =~"APU*"}
loadhw -hw C:/ECE520_SOC/ECE520_SandBox/Ultrasonic_Proximity_Alarm_soc_re/Proximity_Alarm_soc_vitis/Proximity_Alarm_plat/export/Proximity_Alarm_plat/hw/Proximity_Alarm_bd_wrapper.xsa -mem-ranges [list {0x40000000 0xbfffffff}] -regs
configparams force-mem-access 1
targets -set -nocase -filter {name =~"APU*"}
source C:/ECE520_SOC/ECE520_SandBox/Ultrasonic_Proximity_Alarm_soc_re/Proximity_Alarm_soc_vitis/Proximity_Alarm_app/_ide/psinit/ps7_init.tcl
ps7_init
ps7_post_config
targets -set -nocase -filter {name =~ "*A9*#0"}
dow C:/ECE520_SOC/ECE520_SandBox/Ultrasonic_Proximity_Alarm_soc_re/Proximity_Alarm_soc_vitis/Proximity_Alarm_app/Debug/Proximity_Alarm_app.elf
configparams force-mem-access 0
----------------End of Script----------------

18:54:11 INFO  : Context for processor 'ps7_cortexa9_0' is selected.
18:54:15 INFO  : 'con' command is executed.
18:54:15 INFO  : ----------------XSDB Script (After Launch)----------------
targets -set -nocase -filter {name =~ "*A9*#0"}
con
----------------End of Script----------------

18:54:15 INFO  : Launch script is exported to file 'C:\ECE520_SOC\ECE520_SandBox\Ultrasonic_Proximity_Alarm_soc_re\Proximity_Alarm_soc_vitis\Proximity_Alarm_app_system\_ide\scripts\debugger_proximity_alarm_app-default.tcl'
19:04:09 INFO  : Disconnected from the channel tcfchan#36.
19:04:10 INFO  : Connected to target on host '127.0.0.1' and port '3121'.
19:04:37 INFO  : Jtag cable 'Digilent Zybo Z7 210351BE7A49A' is selected.
19:04:38 INFO  : 'jtag frequency' command is executed.
19:04:40 INFO  : Context for 'APU' is selected.
19:04:41 INFO  : System reset is completed.
19:04:45 INFO  : 'after 3000' command is executed.
19:04:47 INFO  : 'targets -set -filter {jtag_cable_name =~ "Digilent Zybo Z7 210351BE7A49A" && level==0 && jtag_device_ctx=="jsn-Zybo Z7-210351BE7A49A-13722093-0"}' command is executed.
19:04:53 INFO  : Device configured successfully with "C:/ECE520_SOC/ECE520_SandBox/Ultrasonic_Proximity_Alarm_soc_re/Proximity_Alarm_soc_vitis/Proximity_Alarm_app/_ide/bitstream/Proximity_Alarm_bd_wrapper.bit"
19:04:54 INFO  : Context for 'APU' is selected.
19:04:55 INFO  : Hardware design and registers information is loaded from 'C:/ECE520_SOC/ECE520_SandBox/Ultrasonic_Proximity_Alarm_soc_re/Proximity_Alarm_soc_vitis/Proximity_Alarm_plat/export/Proximity_Alarm_plat/hw/Proximity_Alarm_bd_wrapper.xsa'.
19:04:56 INFO  : 'configparams force-mem-access 1' command is executed.
19:04:56 INFO  : Context for 'APU' is selected.
19:04:57 INFO  : Sourcing of 'C:/ECE520_SOC/ECE520_SandBox/Ultrasonic_Proximity_Alarm_soc_re/Proximity_Alarm_soc_vitis/Proximity_Alarm_app/_ide/psinit/ps7_init.tcl' is done.
19:05:01 INFO  : 'ps7_init' command is executed.
19:05:01 INFO  : 'ps7_post_config' command is executed.
19:05:02 INFO  : Context for processor 'ps7_cortexa9_0' is selected.
19:05:06 INFO  : The application 'C:/ECE520_SOC/ECE520_SandBox/Ultrasonic_Proximity_Alarm_soc_re/Proximity_Alarm_soc_vitis/Proximity_Alarm_app/Debug/Proximity_Alarm_app.elf' is downloaded to processor 'ps7_cortexa9_0'.
19:05:09 INFO  : 'configparams force-mem-access 0' command is executed.
19:05:09 INFO  : ----------------XSDB Script----------------
connect -url tcp:127.0.0.1:3121
targets -set -nocase -filter {name =~"APU*"}
rst -system
after 3000
targets -set -filter {jtag_cable_name =~ "Digilent Zybo Z7 210351BE7A49A" && level==0 && jtag_device_ctx=="jsn-Zybo Z7-210351BE7A49A-13722093-0"}
fpga -file C:/ECE520_SOC/ECE520_SandBox/Ultrasonic_Proximity_Alarm_soc_re/Proximity_Alarm_soc_vitis/Proximity_Alarm_app/_ide/bitstream/Proximity_Alarm_bd_wrapper.bit
targets -set -nocase -filter {name =~"APU*"}
loadhw -hw C:/ECE520_SOC/ECE520_SandBox/Ultrasonic_Proximity_Alarm_soc_re/Proximity_Alarm_soc_vitis/Proximity_Alarm_plat/export/Proximity_Alarm_plat/hw/Proximity_Alarm_bd_wrapper.xsa -mem-ranges [list {0x40000000 0xbfffffff}] -regs
configparams force-mem-access 1
targets -set -nocase -filter {name =~"APU*"}
source C:/ECE520_SOC/ECE520_SandBox/Ultrasonic_Proximity_Alarm_soc_re/Proximity_Alarm_soc_vitis/Proximity_Alarm_app/_ide/psinit/ps7_init.tcl
ps7_init
ps7_post_config
targets -set -nocase -filter {name =~ "*A9*#0"}
dow C:/ECE520_SOC/ECE520_SandBox/Ultrasonic_Proximity_Alarm_soc_re/Proximity_Alarm_soc_vitis/Proximity_Alarm_app/Debug/Proximity_Alarm_app.elf
configparams force-mem-access 0
----------------End of Script----------------

19:05:13 INFO  : Context for processor 'ps7_cortexa9_0' is selected.
19:05:14 INFO  : 'con' command is executed.
19:05:14 INFO  : ----------------XSDB Script (After Launch)----------------
targets -set -nocase -filter {name =~ "*A9*#0"}
con
----------------End of Script----------------

19:05:14 INFO  : Launch script is exported to file 'C:\ECE520_SOC\ECE520_SandBox\Ultrasonic_Proximity_Alarm_soc_re\Proximity_Alarm_soc_vitis\Proximity_Alarm_app_system\_ide\scripts\debugger_proximity_alarm_app-default.tcl'
19:06:13 INFO  : Disconnected from the channel tcfchan#37.
19:06:14 INFO  : Connected to target on host '127.0.0.1' and port '3121'.
19:06:31 INFO  : ----------------XSDB Script----------------
connect -url tcp:127.0.0.1:3121
----------------End of Script----------------

19:06:31 ERROR : Could not find ARM device on the board for connection 'Local'.
Check if the target is in:
1. Split JTAG - No operations are possible with ARM DAP.
2. Non JTAG bootmode - Bootrom may need time to enable DAP.
Please try again.


Troubleshooting hints:
1. Check whether board is connected to system properly.
2. In case of zynq board, check whether Digilent/Xilinx cable switch settings are correct.
3. If you are using Xilinx Platform Cable USB, ensure that status LED is green.
19:07:05 INFO  : Connected to target on host '127.0.0.1' and port '3121'.
19:07:18 INFO  : Jtag cable 'Digilent Zybo Z7 210351BE7A49A' is selected.
19:07:18 INFO  : 'jtag frequency' command is executed.
19:07:19 INFO  : Context for 'APU' is selected.
19:07:19 INFO  : System reset is completed.
19:07:22 INFO  : 'after 3000' command is executed.
19:07:26 INFO  : 'targets -set -filter {jtag_cable_name =~ "Digilent Zybo Z7 210351BE7A49A" && level==0 && jtag_device_ctx=="jsn-Zybo Z7-210351BE7A49A-13722093-0"}' command is executed.
19:07:29 INFO  : Device configured successfully with "C:/ECE520_SOC/ECE520_SandBox/Ultrasonic_Proximity_Alarm_soc_re/Proximity_Alarm_soc_vitis/Proximity_Alarm_app/_ide/bitstream/Proximity_Alarm_bd_wrapper.bit"
19:07:31 INFO  : Context for 'APU' is selected.
19:07:32 INFO  : Hardware design and registers information is loaded from 'C:/ECE520_SOC/ECE520_SandBox/Ultrasonic_Proximity_Alarm_soc_re/Proximity_Alarm_soc_vitis/Proximity_Alarm_plat/export/Proximity_Alarm_plat/hw/Proximity_Alarm_bd_wrapper.xsa'.
19:07:33 INFO  : 'configparams force-mem-access 1' command is executed.
19:07:34 INFO  : Context for 'APU' is selected.
19:07:34 INFO  : Sourcing of 'C:/ECE520_SOC/ECE520_SandBox/Ultrasonic_Proximity_Alarm_soc_re/Proximity_Alarm_soc_vitis/Proximity_Alarm_app/_ide/psinit/ps7_init.tcl' is done.
19:07:47 INFO  : 'ps7_init' command is executed.
19:07:48 INFO  : 'ps7_post_config' command is executed.
19:07:48 INFO  : Context for processor 'ps7_cortexa9_0' is selected.
19:07:52 INFO  : The application 'C:/ECE520_SOC/ECE520_SandBox/Ultrasonic_Proximity_Alarm_soc_re/Proximity_Alarm_soc_vitis/Proximity_Alarm_app/Debug/Proximity_Alarm_app.elf' is downloaded to processor 'ps7_cortexa9_0'.
19:07:52 INFO  : 'configparams force-mem-access 0' command is executed.
19:07:52 INFO  : ----------------XSDB Script----------------
connect -url tcp:127.0.0.1:3121
targets -set -nocase -filter {name =~"APU*"}
rst -system
after 3000
targets -set -filter {jtag_cable_name =~ "Digilent Zybo Z7 210351BE7A49A" && level==0 && jtag_device_ctx=="jsn-Zybo Z7-210351BE7A49A-13722093-0"}
fpga -file C:/ECE520_SOC/ECE520_SandBox/Ultrasonic_Proximity_Alarm_soc_re/Proximity_Alarm_soc_vitis/Proximity_Alarm_app/_ide/bitstream/Proximity_Alarm_bd_wrapper.bit
targets -set -nocase -filter {name =~"APU*"}
loadhw -hw C:/ECE520_SOC/ECE520_SandBox/Ultrasonic_Proximity_Alarm_soc_re/Proximity_Alarm_soc_vitis/Proximity_Alarm_plat/export/Proximity_Alarm_plat/hw/Proximity_Alarm_bd_wrapper.xsa -mem-ranges [list {0x40000000 0xbfffffff}] -regs
configparams force-mem-access 1
targets -set -nocase -filter {name =~"APU*"}
source C:/ECE520_SOC/ECE520_SandBox/Ultrasonic_Proximity_Alarm_soc_re/Proximity_Alarm_soc_vitis/Proximity_Alarm_app/_ide/psinit/ps7_init.tcl
ps7_init
ps7_post_config
targets -set -nocase -filter {name =~ "*A9*#0"}
dow C:/ECE520_SOC/ECE520_SandBox/Ultrasonic_Proximity_Alarm_soc_re/Proximity_Alarm_soc_vitis/Proximity_Alarm_app/Debug/Proximity_Alarm_app.elf
configparams force-mem-access 0
----------------End of Script----------------

19:07:53 INFO  : Context for processor 'ps7_cortexa9_0' is selected.
19:07:54 INFO  : 'con' command is executed.
19:07:54 INFO  : ----------------XSDB Script (After Launch)----------------
targets -set -nocase -filter {name =~ "*A9*#0"}
con
----------------End of Script----------------

19:07:54 INFO  : Launch script is exported to file 'C:\ECE520_SOC\ECE520_SandBox\Ultrasonic_Proximity_Alarm_soc_re\Proximity_Alarm_soc_vitis\Proximity_Alarm_app_system\_ide\scripts\debugger_proximity_alarm_app-default.tcl'
19:08:25 INFO  : Disconnected from the channel tcfchan#38.
19:08:27 INFO  : Connected to target on host '127.0.0.1' and port '3121'.
19:08:50 INFO  : Jtag cable 'Digilent Zybo Z7 210351BE7A49A' is selected.
19:08:51 INFO  : 'jtag frequency' command is executed.
19:08:54 INFO  : Context for 'APU' is selected.
19:08:54 INFO  : System reset is completed.
19:08:58 INFO  : 'after 3000' command is executed.
19:09:01 INFO  : 'targets -set -filter {jtag_cable_name =~ "Digilent Zybo Z7 210351BE7A49A" && level==0 && jtag_device_ctx=="jsn-Zybo Z7-210351BE7A49A-13722093-0"}' command is executed.
19:09:05 INFO  : Device configured successfully with "C:/ECE520_SOC/ECE520_SandBox/Ultrasonic_Proximity_Alarm_soc_re/Proximity_Alarm_soc_vitis/Proximity_Alarm_app/_ide/bitstream/Proximity_Alarm_bd_wrapper.bit"
19:09:05 INFO  : Context for 'APU' is selected.
19:09:07 INFO  : Hardware design and registers information is loaded from 'C:/ECE520_SOC/ECE520_SandBox/Ultrasonic_Proximity_Alarm_soc_re/Proximity_Alarm_soc_vitis/Proximity_Alarm_plat/export/Proximity_Alarm_plat/hw/Proximity_Alarm_bd_wrapper.xsa'.
19:09:08 INFO  : 'configparams force-mem-access 1' command is executed.
19:09:09 INFO  : Context for 'APU' is selected.
19:09:09 INFO  : Sourcing of 'C:/ECE520_SOC/ECE520_SandBox/Ultrasonic_Proximity_Alarm_soc_re/Proximity_Alarm_soc_vitis/Proximity_Alarm_app/_ide/psinit/ps7_init.tcl' is done.
19:09:15 INFO  : 'ps7_init' command is executed.
19:09:16 INFO  : 'ps7_post_config' command is executed.
19:09:17 INFO  : Context for processor 'ps7_cortexa9_0' is selected.
19:09:21 INFO  : The application 'C:/ECE520_SOC/ECE520_SandBox/Ultrasonic_Proximity_Alarm_soc_re/Proximity_Alarm_soc_vitis/Proximity_Alarm_app/Debug/Proximity_Alarm_app.elf' is downloaded to processor 'ps7_cortexa9_0'.
19:09:22 INFO  : 'configparams force-mem-access 0' command is executed.
19:09:22 INFO  : ----------------XSDB Script----------------
connect -url tcp:127.0.0.1:3121
targets -set -nocase -filter {name =~"APU*"}
rst -system
after 3000
targets -set -filter {jtag_cable_name =~ "Digilent Zybo Z7 210351BE7A49A" && level==0 && jtag_device_ctx=="jsn-Zybo Z7-210351BE7A49A-13722093-0"}
fpga -file C:/ECE520_SOC/ECE520_SandBox/Ultrasonic_Proximity_Alarm_soc_re/Proximity_Alarm_soc_vitis/Proximity_Alarm_app/_ide/bitstream/Proximity_Alarm_bd_wrapper.bit
targets -set -nocase -filter {name =~"APU*"}
loadhw -hw C:/ECE520_SOC/ECE520_SandBox/Ultrasonic_Proximity_Alarm_soc_re/Proximity_Alarm_soc_vitis/Proximity_Alarm_plat/export/Proximity_Alarm_plat/hw/Proximity_Alarm_bd_wrapper.xsa -mem-ranges [list {0x40000000 0xbfffffff}] -regs
configparams force-mem-access 1
targets -set -nocase -filter {name =~"APU*"}
source C:/ECE520_SOC/ECE520_SandBox/Ultrasonic_Proximity_Alarm_soc_re/Proximity_Alarm_soc_vitis/Proximity_Alarm_app/_ide/psinit/ps7_init.tcl
ps7_init
ps7_post_config
targets -set -nocase -filter {name =~ "*A9*#0"}
dow C:/ECE520_SOC/ECE520_SandBox/Ultrasonic_Proximity_Alarm_soc_re/Proximity_Alarm_soc_vitis/Proximity_Alarm_app/Debug/Proximity_Alarm_app.elf
configparams force-mem-access 0
----------------End of Script----------------

19:09:26 INFO  : Context for processor 'ps7_cortexa9_0' is selected.
19:09:28 INFO  : 'con' command is executed.
19:09:28 INFO  : ----------------XSDB Script (After Launch)----------------
targets -set -nocase -filter {name =~ "*A9*#0"}
con
----------------End of Script----------------

19:09:28 INFO  : Launch script is exported to file 'C:\ECE520_SOC\ECE520_SandBox\Ultrasonic_Proximity_Alarm_soc_re\Proximity_Alarm_soc_vitis\Proximity_Alarm_app_system\_ide\scripts\debugger_proximity_alarm_app-default.tcl'
19:11:22 INFO  : Disconnected from the channel tcfchan#39.
19:11:26 INFO  : Connected to target on host '127.0.0.1' and port '3121'.
19:11:36 INFO  : Jtag cable 'Digilent Zybo Z7 210351BE7A49A' is selected.
19:11:36 INFO  : 'jtag frequency' command is executed.
19:11:37 INFO  : Context for 'APU' is selected.
19:11:37 INFO  : System reset is completed.
19:11:41 INFO  : 'after 3000' command is executed.
19:11:44 INFO  : 'targets -set -filter {jtag_cable_name =~ "Digilent Zybo Z7 210351BE7A49A" && level==0 && jtag_device_ctx=="jsn-Zybo Z7-210351BE7A49A-13722093-0"}' command is executed.
19:11:48 INFO  : Device configured successfully with "C:/ECE520_SOC/ECE520_SandBox/Ultrasonic_Proximity_Alarm_soc_re/Proximity_Alarm_soc_vitis/Proximity_Alarm_app/_ide/bitstream/Proximity_Alarm_bd_wrapper.bit"
19:11:48 INFO  : Context for 'APU' is selected.
19:11:49 INFO  : Hardware design and registers information is loaded from 'C:/ECE520_SOC/ECE520_SandBox/Ultrasonic_Proximity_Alarm_soc_re/Proximity_Alarm_soc_vitis/Proximity_Alarm_plat/export/Proximity_Alarm_plat/hw/Proximity_Alarm_bd_wrapper.xsa'.
19:11:49 INFO  : 'configparams force-mem-access 1' command is executed.
19:11:53 INFO  : Context for 'APU' is selected.
19:11:54 INFO  : Sourcing of 'C:/ECE520_SOC/ECE520_SandBox/Ultrasonic_Proximity_Alarm_soc_re/Proximity_Alarm_soc_vitis/Proximity_Alarm_app/_ide/psinit/ps7_init.tcl' is done.
19:12:01 INFO  : 'ps7_init' command is executed.
19:12:02 INFO  : 'ps7_post_config' command is executed.
19:12:02 INFO  : Context for processor 'ps7_cortexa9_0' is selected.
19:12:04 INFO  : The application 'C:/ECE520_SOC/ECE520_SandBox/Ultrasonic_Proximity_Alarm_soc_re/Proximity_Alarm_soc_vitis/Proximity_Alarm_app/Debug/Proximity_Alarm_app.elf' is downloaded to processor 'ps7_cortexa9_0'.
19:12:05 INFO  : 'configparams force-mem-access 0' command is executed.
19:12:05 INFO  : ----------------XSDB Script----------------
connect -url tcp:127.0.0.1:3121
targets -set -nocase -filter {name =~"APU*"}
rst -system
after 3000
targets -set -filter {jtag_cable_name =~ "Digilent Zybo Z7 210351BE7A49A" && level==0 && jtag_device_ctx=="jsn-Zybo Z7-210351BE7A49A-13722093-0"}
fpga -file C:/ECE520_SOC/ECE520_SandBox/Ultrasonic_Proximity_Alarm_soc_re/Proximity_Alarm_soc_vitis/Proximity_Alarm_app/_ide/bitstream/Proximity_Alarm_bd_wrapper.bit
targets -set -nocase -filter {name =~"APU*"}
loadhw -hw C:/ECE520_SOC/ECE520_SandBox/Ultrasonic_Proximity_Alarm_soc_re/Proximity_Alarm_soc_vitis/Proximity_Alarm_plat/export/Proximity_Alarm_plat/hw/Proximity_Alarm_bd_wrapper.xsa -mem-ranges [list {0x40000000 0xbfffffff}] -regs
configparams force-mem-access 1
targets -set -nocase -filter {name =~"APU*"}
source C:/ECE520_SOC/ECE520_SandBox/Ultrasonic_Proximity_Alarm_soc_re/Proximity_Alarm_soc_vitis/Proximity_Alarm_app/_ide/psinit/ps7_init.tcl
ps7_init
ps7_post_config
targets -set -nocase -filter {name =~ "*A9*#0"}
dow C:/ECE520_SOC/ECE520_SandBox/Ultrasonic_Proximity_Alarm_soc_re/Proximity_Alarm_soc_vitis/Proximity_Alarm_app/Debug/Proximity_Alarm_app.elf
configparams force-mem-access 0
----------------End of Script----------------

19:12:07 INFO  : Context for processor 'ps7_cortexa9_0' is selected.
19:12:08 INFO  : 'con' command is executed.
19:12:08 INFO  : ----------------XSDB Script (After Launch)----------------
targets -set -nocase -filter {name =~ "*A9*#0"}
con
----------------End of Script----------------

19:12:08 INFO  : Launch script is exported to file 'C:\ECE520_SOC\ECE520_SandBox\Ultrasonic_Proximity_Alarm_soc_re\Proximity_Alarm_soc_vitis\Proximity_Alarm_app_system\_ide\scripts\debugger_proximity_alarm_app-default.tcl'
19:19:49 INFO  : Disconnected from the channel tcfchan#40.
21:41:27 DEBUG : Logs will be stored at 'C:/ECE520_SOC/ECE520_SandBox/Ultrasonic_Proximity_Alarm_soc_re/Proximity_Alarm_soc_vitis/IDE.log'.
21:41:28 INFO  : Launching XSCT server: xsct.bat -n  -interactive C:\ECE520_SOC\ECE520_SandBox\Ultrasonic_Proximity_Alarm_soc_re\Proximity_Alarm_soc_vitis\temp_xsdb_launch_script.tcl
21:41:32 INFO  : Registering command handlers for Vitis TCF services
21:41:33 INFO  : Platform repository initialization has completed.
21:41:34 INFO  : XSCT server has started successfully.
21:41:34 INFO  : plnx-install-location is set to ''
21:41:42 INFO  : Successfully done setting XSCT server connection channel  
21:41:44 INFO  : Successfully done query RDI_DATADIR 
21:41:44 INFO  : Successfully done setting workspace for the tool. 
21:41:52 INFO  : Hardware specification for platform project 'Proximity_Alarm_plat' is updated.
21:42:48 INFO  : Result from executing command 'getProjects': Proximity_Alarm_plat
21:42:48 INFO  : Result from executing command 'getPlatforms': Proximity_Alarm_plat|C:/ECE520_SOC/ECE520_SandBox/Ultrasonic_Proximity_Alarm_soc_re/Proximity_Alarm_soc_vitis/Proximity_Alarm_plat/export/Proximity_Alarm_plat/Proximity_Alarm_plat.xpfm;xilinx_zcu102_base_202310_1|C:/Xilinx/Vitis/2023.1/base_platforms/xilinx_zcu102_base_202310_1/xilinx_zcu102_base_202310_1.xpfm;xilinx_zcu102_base_dfx_202310_1|C:/Xilinx/Vitis/2023.1/base_platforms/xilinx_zcu102_base_dfx_202310_1/xilinx_zcu102_base_dfx_202310_1.xpfm;xilinx_zcu104_base_202310_1|C:/Xilinx/Vitis/2023.1/base_platforms/xilinx_zcu104_base_202310_1/xilinx_zcu104_base_202310_1.xpfm
21:42:49 INFO  : Checking for BSP changes to sync application flags for project 'Proximity_Alarm_app'...
21:42:57 INFO  : The hardware specification used by project 'Proximity_Alarm_app' is out of sync with the platform. Resource files extracted from the hardware specification will be updated.
21:42:57 INFO  : The file 'C:\ECE520_SOC\ECE520_SandBox\Ultrasonic_Proximity_Alarm_soc_re\Proximity_Alarm_soc_vitis\Proximity_Alarm_app\_ide\bitstream\Proximity_Alarm_bd_wrapper.bit' stored in project is removed.
21:42:57 INFO  : The updated bitstream files are copied from platform to folder 'C:\ECE520_SOC\ECE520_SandBox\Ultrasonic_Proximity_Alarm_soc_re\Proximity_Alarm_soc_vitis\Proximity_Alarm_app\_ide\bitstream' in project 'Proximity_Alarm_app'.
21:42:57 INFO  : The file 'C:\ECE520_SOC\ECE520_SandBox\Ultrasonic_Proximity_Alarm_soc_re\Proximity_Alarm_soc_vitis\Proximity_Alarm_app\_ide\psinit\ps7_init.tcl' stored in project is removed.
21:43:05 INFO  : The updated ps init files are copied from platform to folder 'C:\ECE520_SOC\ECE520_SandBox\Ultrasonic_Proximity_Alarm_soc_re\Proximity_Alarm_soc_vitis\Proximity_Alarm_app\_ide\psinit' in project 'Proximity_Alarm_app'.
21:43:42 INFO  : Checking for BSP changes to sync application flags for project 'Proximity_Alarm_app'...
21:45:45 INFO  : Connected to target on host '127.0.0.1' and port '3121'.
21:45:45 INFO  : Jtag cable 'Digilent Zybo Z7 210351BE7A49A' is selected.
21:45:45 INFO  : 'jtag frequency' command is executed.
21:45:45 INFO  : Context for 'APU' is selected.
21:45:45 INFO  : System reset is completed.
21:45:48 INFO  : 'after 3000' command is executed.
21:45:48 INFO  : 'targets -set -filter {jtag_cable_name =~ "Digilent Zybo Z7 210351BE7A49A" && level==0 && jtag_device_ctx=="jsn-Zybo Z7-210351BE7A49A-13722093-0"}' command is executed.
21:45:49 INFO  : Device configured successfully with "C:/ECE520_SOC/ECE520_SandBox/Ultrasonic_Proximity_Alarm_soc_re/Proximity_Alarm_soc_vitis/Proximity_Alarm_app/_ide/bitstream/Proximity_Alarm_bd_wrapper.bit"
21:45:49 INFO  : Context for 'APU' is selected.
21:45:49 INFO  : Hardware design and registers information is loaded from 'C:/ECE520_SOC/ECE520_SandBox/Ultrasonic_Proximity_Alarm_soc_re/Proximity_Alarm_soc_vitis/Proximity_Alarm_plat/export/Proximity_Alarm_plat/hw/Proximity_Alarm_bd_wrapper.xsa'.
21:45:49 INFO  : 'configparams force-mem-access 1' command is executed.
21:45:49 INFO  : Context for 'APU' is selected.
21:45:49 INFO  : Sourcing of 'C:/ECE520_SOC/ECE520_SandBox/Ultrasonic_Proximity_Alarm_soc_re/Proximity_Alarm_soc_vitis/Proximity_Alarm_app/_ide/psinit/ps7_init.tcl' is done.
21:45:50 INFO  : 'ps7_init' command is executed.
21:45:50 INFO  : 'ps7_post_config' command is executed.
21:45:50 INFO  : Context for processor 'ps7_cortexa9_0' is selected.
21:45:50 INFO  : The application 'C:/ECE520_SOC/ECE520_SandBox/Ultrasonic_Proximity_Alarm_soc_re/Proximity_Alarm_soc_vitis/Proximity_Alarm_app/Debug/Proximity_Alarm_app.elf' is downloaded to processor 'ps7_cortexa9_0'.
21:45:50 INFO  : 'configparams force-mem-access 0' command is executed.
21:45:50 INFO  : ----------------XSDB Script----------------
connect -url tcp:127.0.0.1:3121
targets -set -nocase -filter {name =~"APU*"}
rst -system
after 3000
targets -set -filter {jtag_cable_name =~ "Digilent Zybo Z7 210351BE7A49A" && level==0 && jtag_device_ctx=="jsn-Zybo Z7-210351BE7A49A-13722093-0"}
fpga -file C:/ECE520_SOC/ECE520_SandBox/Ultrasonic_Proximity_Alarm_soc_re/Proximity_Alarm_soc_vitis/Proximity_Alarm_app/_ide/bitstream/Proximity_Alarm_bd_wrapper.bit
targets -set -nocase -filter {name =~"APU*"}
loadhw -hw C:/ECE520_SOC/ECE520_SandBox/Ultrasonic_Proximity_Alarm_soc_re/Proximity_Alarm_soc_vitis/Proximity_Alarm_plat/export/Proximity_Alarm_plat/hw/Proximity_Alarm_bd_wrapper.xsa -mem-ranges [list {0x40000000 0xbfffffff}] -regs
configparams force-mem-access 1
targets -set -nocase -filter {name =~"APU*"}
source C:/ECE520_SOC/ECE520_SandBox/Ultrasonic_Proximity_Alarm_soc_re/Proximity_Alarm_soc_vitis/Proximity_Alarm_app/_ide/psinit/ps7_init.tcl
ps7_init
ps7_post_config
targets -set -nocase -filter {name =~ "*A9*#0"}
dow C:/ECE520_SOC/ECE520_SandBox/Ultrasonic_Proximity_Alarm_soc_re/Proximity_Alarm_soc_vitis/Proximity_Alarm_app/Debug/Proximity_Alarm_app.elf
configparams force-mem-access 0
----------------End of Script----------------

21:45:50 INFO  : Context for processor 'ps7_cortexa9_0' is selected.
21:45:50 INFO  : 'con' command is executed.
21:45:50 INFO  : ----------------XSDB Script (After Launch)----------------
targets -set -nocase -filter {name =~ "*A9*#0"}
con
----------------End of Script----------------

21:45:50 INFO  : Launch script is exported to file 'C:\ECE520_SOC\ECE520_SandBox\Ultrasonic_Proximity_Alarm_soc_re\Proximity_Alarm_soc_vitis\Proximity_Alarm_app_system\_ide\scripts\debugger_proximity_alarm_app-default.tcl'
22:18:22 INFO  : Hardware specification for platform project 'Proximity_Alarm_plat' is updated.
22:19:02 INFO  : Result from executing command 'getProjects': Proximity_Alarm_plat
22:19:02 INFO  : Result from executing command 'getPlatforms': Proximity_Alarm_plat|C:/ECE520_SOC/ECE520_SandBox/Ultrasonic_Proximity_Alarm_soc_re/Proximity_Alarm_soc_vitis/Proximity_Alarm_plat/export/Proximity_Alarm_plat/Proximity_Alarm_plat.xpfm;xilinx_zcu102_base_202310_1|C:/Xilinx/Vitis/2023.1/base_platforms/xilinx_zcu102_base_202310_1/xilinx_zcu102_base_202310_1.xpfm;xilinx_zcu102_base_dfx_202310_1|C:/Xilinx/Vitis/2023.1/base_platforms/xilinx_zcu102_base_dfx_202310_1/xilinx_zcu102_base_dfx_202310_1.xpfm;xilinx_zcu104_base_202310_1|C:/Xilinx/Vitis/2023.1/base_platforms/xilinx_zcu104_base_202310_1/xilinx_zcu104_base_202310_1.xpfm
22:19:03 INFO  : Checking for BSP changes to sync application flags for project 'Proximity_Alarm_app'...
22:19:08 INFO  : The hardware specification used by project 'Proximity_Alarm_app' is out of sync with the platform. Resource files extracted from the hardware specification will be updated.
22:19:08 INFO  : The file 'C:\ECE520_SOC\ECE520_SandBox\Ultrasonic_Proximity_Alarm_soc_re\Proximity_Alarm_soc_vitis\Proximity_Alarm_app\_ide\bitstream\Proximity_Alarm_bd_wrapper.bit' stored in project is removed.
22:19:08 INFO  : The updated bitstream files are copied from platform to folder 'C:\ECE520_SOC\ECE520_SandBox\Ultrasonic_Proximity_Alarm_soc_re\Proximity_Alarm_soc_vitis\Proximity_Alarm_app\_ide\bitstream' in project 'Proximity_Alarm_app'.
22:19:08 INFO  : The file 'C:\ECE520_SOC\ECE520_SandBox\Ultrasonic_Proximity_Alarm_soc_re\Proximity_Alarm_soc_vitis\Proximity_Alarm_app\_ide\psinit\ps7_init.tcl' stored in project is removed.
22:19:14 INFO  : The updated ps init files are copied from platform to folder 'C:\ECE520_SOC\ECE520_SandBox\Ultrasonic_Proximity_Alarm_soc_re\Proximity_Alarm_soc_vitis\Proximity_Alarm_app\_ide\psinit' in project 'Proximity_Alarm_app'.
22:20:44 INFO  : Disconnected from the channel tcfchan#4.
22:20:45 INFO  : Connected to target on host '127.0.0.1' and port '3121'.
22:20:54 INFO  : ----------------XSDB Script----------------
connect -url tcp:127.0.0.1:3121
----------------End of Script----------------

22:20:54 ERROR : Could not find ARM device on the board for connection 'Local'.
Check if the target is in:
1. Split JTAG - No operations are possible with ARM DAP.
2. Non JTAG bootmode - Bootrom may need time to enable DAP.
Please try again.


Troubleshooting hints:
1. Check whether board is connected to system properly.
2. In case of zynq board, check whether Digilent/Xilinx cable switch settings are correct.
3. If you are using Xilinx Platform Cable USB, ensure that status LED is green.
22:21:01 INFO  : Connected to target on host '127.0.0.1' and port '3121'.
22:21:01 INFO  : Jtag cable 'Digilent Zybo Z7 210351BE7A49A' is selected.
22:21:01 INFO  : 'jtag frequency' command is executed.
22:21:01 INFO  : Context for 'APU' is selected.
22:21:01 INFO  : System reset is completed.
22:21:04 INFO  : 'after 3000' command is executed.
22:21:04 INFO  : 'targets -set -filter {jtag_cable_name =~ "Digilent Zybo Z7 210351BE7A49A" && level==0 && jtag_device_ctx=="jsn-Zybo Z7-210351BE7A49A-13722093-0"}' command is executed.
22:21:05 INFO  : Device configured successfully with "C:/ECE520_SOC/ECE520_SandBox/Ultrasonic_Proximity_Alarm_soc_re/Proximity_Alarm_soc_vitis/Proximity_Alarm_app/_ide/bitstream/Proximity_Alarm_bd_wrapper.bit"
22:21:05 INFO  : Context for 'APU' is selected.
22:21:05 INFO  : Hardware design and registers information is loaded from 'C:/ECE520_SOC/ECE520_SandBox/Ultrasonic_Proximity_Alarm_soc_re/Proximity_Alarm_soc_vitis/Proximity_Alarm_plat/export/Proximity_Alarm_plat/hw/Proximity_Alarm_bd_wrapper.xsa'.
22:21:05 INFO  : 'configparams force-mem-access 1' command is executed.
22:21:05 INFO  : Context for 'APU' is selected.
22:21:05 INFO  : Sourcing of 'C:/ECE520_SOC/ECE520_SandBox/Ultrasonic_Proximity_Alarm_soc_re/Proximity_Alarm_soc_vitis/Proximity_Alarm_app/_ide/psinit/ps7_init.tcl' is done.
22:21:06 INFO  : 'ps7_init' command is executed.
22:21:06 INFO  : 'ps7_post_config' command is executed.
22:21:06 INFO  : Context for processor 'ps7_cortexa9_0' is selected.
22:21:06 INFO  : The application 'C:/ECE520_SOC/ECE520_SandBox/Ultrasonic_Proximity_Alarm_soc_re/Proximity_Alarm_soc_vitis/Proximity_Alarm_app/Debug/Proximity_Alarm_app.elf' is downloaded to processor 'ps7_cortexa9_0'.
22:21:06 INFO  : 'configparams force-mem-access 0' command is executed.
22:21:06 INFO  : ----------------XSDB Script----------------
connect -url tcp:127.0.0.1:3121
targets -set -nocase -filter {name =~"APU*"}
rst -system
after 3000
targets -set -filter {jtag_cable_name =~ "Digilent Zybo Z7 210351BE7A49A" && level==0 && jtag_device_ctx=="jsn-Zybo Z7-210351BE7A49A-13722093-0"}
fpga -file C:/ECE520_SOC/ECE520_SandBox/Ultrasonic_Proximity_Alarm_soc_re/Proximity_Alarm_soc_vitis/Proximity_Alarm_app/_ide/bitstream/Proximity_Alarm_bd_wrapper.bit
targets -set -nocase -filter {name =~"APU*"}
loadhw -hw C:/ECE520_SOC/ECE520_SandBox/Ultrasonic_Proximity_Alarm_soc_re/Proximity_Alarm_soc_vitis/Proximity_Alarm_plat/export/Proximity_Alarm_plat/hw/Proximity_Alarm_bd_wrapper.xsa -mem-ranges [list {0x40000000 0xbfffffff}] -regs
configparams force-mem-access 1
targets -set -nocase -filter {name =~"APU*"}
source C:/ECE520_SOC/ECE520_SandBox/Ultrasonic_Proximity_Alarm_soc_re/Proximity_Alarm_soc_vitis/Proximity_Alarm_app/_ide/psinit/ps7_init.tcl
ps7_init
ps7_post_config
targets -set -nocase -filter {name =~ "*A9*#0"}
dow C:/ECE520_SOC/ECE520_SandBox/Ultrasonic_Proximity_Alarm_soc_re/Proximity_Alarm_soc_vitis/Proximity_Alarm_app/Debug/Proximity_Alarm_app.elf
configparams force-mem-access 0
----------------End of Script----------------

22:21:06 INFO  : Context for processor 'ps7_cortexa9_0' is selected.
22:21:06 INFO  : 'con' command is executed.
22:21:06 INFO  : ----------------XSDB Script (After Launch)----------------
targets -set -nocase -filter {name =~ "*A9*#0"}
con
----------------End of Script----------------

22:21:06 INFO  : Launch script is exported to file 'C:\ECE520_SOC\ECE520_SandBox\Ultrasonic_Proximity_Alarm_soc_re\Proximity_Alarm_soc_vitis\Proximity_Alarm_app_system\_ide\scripts\debugger_proximity_alarm_app-default.tcl'
22:23:30 INFO  : Disconnected from the channel tcfchan#7.
10:07:29 DEBUG : Logs will be stored at 'C:/ECE520_SOC/ECE520_SandBox/Ultrasonic_Proximity_Alarm_soc_re/Proximity_Alarm_soc_vitis/IDE.log'.
10:07:31 INFO  : Launching XSCT server: xsct.bat -n  -interactive C:\ECE520_SOC\ECE520_SandBox\Ultrasonic_Proximity_Alarm_soc_re\Proximity_Alarm_soc_vitis\temp_xsdb_launch_script.tcl
10:07:38 INFO  : XSCT server has started successfully.
10:07:38 INFO  : Successfully done setting XSCT server connection channel  
10:07:38 INFO  : plnx-install-location is set to ''
10:07:38 INFO  : Successfully done setting workspace for the tool. 
10:07:42 INFO  : Platform repository initialization has completed.
10:16:00 INFO  : Registering command handlers for Vitis TCF services
10:16:05 INFO  : Successfully done query RDI_DATADIR 
10:16:21 INFO  : Hardware specification for platform project 'Proximity_Alarm_plat' is updated.
10:17:40 INFO  : Result from executing command 'getProjects': Proximity_Alarm_plat
10:17:40 INFO  : Result from executing command 'getPlatforms': Proximity_Alarm_plat|C:/ECE520_SOC/ECE520_SandBox/Ultrasonic_Proximity_Alarm_soc_re/Proximity_Alarm_soc_vitis/Proximity_Alarm_plat/export/Proximity_Alarm_plat/Proximity_Alarm_plat.xpfm;xilinx_zcu102_base_202310_1|C:/Xilinx/Vitis/2023.1/base_platforms/xilinx_zcu102_base_202310_1/xilinx_zcu102_base_202310_1.xpfm;xilinx_zcu102_base_dfx_202310_1|C:/Xilinx/Vitis/2023.1/base_platforms/xilinx_zcu102_base_dfx_202310_1/xilinx_zcu102_base_dfx_202310_1.xpfm;xilinx_zcu104_base_202310_1|C:/Xilinx/Vitis/2023.1/base_platforms/xilinx_zcu104_base_202310_1/xilinx_zcu104_base_202310_1.xpfm
10:17:41 INFO  : Checking for BSP changes to sync application flags for project 'Proximity_Alarm_app'...
10:17:49 INFO  : The hardware specification used by project 'Proximity_Alarm_app' is out of sync with the platform. Resource files extracted from the hardware specification will be updated.
10:17:49 INFO  : The file 'C:\ECE520_SOC\ECE520_SandBox\Ultrasonic_Proximity_Alarm_soc_re\Proximity_Alarm_soc_vitis\Proximity_Alarm_app\_ide\bitstream\Proximity_Alarm_bd_wrapper.bit' stored in project is removed.
10:17:49 INFO  : The updated bitstream files are copied from platform to folder 'C:\ECE520_SOC\ECE520_SandBox\Ultrasonic_Proximity_Alarm_soc_re\Proximity_Alarm_soc_vitis\Proximity_Alarm_app\_ide\bitstream' in project 'Proximity_Alarm_app'.
10:17:49 INFO  : The file 'C:\ECE520_SOC\ECE520_SandBox\Ultrasonic_Proximity_Alarm_soc_re\Proximity_Alarm_soc_vitis\Proximity_Alarm_app\_ide\psinit\ps7_init.tcl' stored in project is removed.
10:17:56 INFO  : The updated ps init files are copied from platform to folder 'C:\ECE520_SOC\ECE520_SandBox\Ultrasonic_Proximity_Alarm_soc_re\Proximity_Alarm_soc_vitis\Proximity_Alarm_app\_ide\psinit' in project 'Proximity_Alarm_app'.
10:19:31 INFO  : Connected to target on host '127.0.0.1' and port '3121'.
10:19:32 INFO  : Jtag cable 'Digilent Zybo Z7 210351BE7A49A' is selected.
10:19:32 INFO  : 'jtag frequency' command is executed.
10:19:32 INFO  : Context for 'APU' is selected.
10:19:32 INFO  : System reset is completed.
10:19:35 INFO  : 'after 3000' command is executed.
10:19:35 INFO  : 'targets -set -filter {jtag_cable_name =~ "Digilent Zybo Z7 210351BE7A49A" && level==0 && jtag_device_ctx=="jsn-Zybo Z7-210351BE7A49A-13722093-0"}' command is executed.
10:19:36 INFO  : Device configured successfully with "C:/ECE520_SOC/ECE520_SandBox/Ultrasonic_Proximity_Alarm_soc_re/Proximity_Alarm_soc_vitis/Proximity_Alarm_app/_ide/bitstream/Proximity_Alarm_bd_wrapper.bit"
10:19:36 INFO  : Context for 'APU' is selected.
10:19:36 INFO  : Hardware design and registers information is loaded from 'C:/ECE520_SOC/ECE520_SandBox/Ultrasonic_Proximity_Alarm_soc_re/Proximity_Alarm_soc_vitis/Proximity_Alarm_plat/export/Proximity_Alarm_plat/hw/Proximity_Alarm_bd_wrapper.xsa'.
10:19:37 INFO  : 'configparams force-mem-access 1' command is executed.
10:19:37 INFO  : Context for 'APU' is selected.
10:19:37 INFO  : Sourcing of 'C:/ECE520_SOC/ECE520_SandBox/Ultrasonic_Proximity_Alarm_soc_re/Proximity_Alarm_soc_vitis/Proximity_Alarm_app/_ide/psinit/ps7_init.tcl' is done.
10:19:37 INFO  : 'ps7_init' command is executed.
10:19:37 INFO  : 'ps7_post_config' command is executed.
10:19:37 INFO  : Context for processor 'ps7_cortexa9_0' is selected.
10:19:37 INFO  : The application 'C:/ECE520_SOC/ECE520_SandBox/Ultrasonic_Proximity_Alarm_soc_re/Proximity_Alarm_soc_vitis/Proximity_Alarm_app/Debug/Proximity_Alarm_app.elf' is downloaded to processor 'ps7_cortexa9_0'.
10:19:37 INFO  : 'configparams force-mem-access 0' command is executed.
10:19:37 INFO  : ----------------XSDB Script----------------
connect -url tcp:127.0.0.1:3121
targets -set -nocase -filter {name =~"APU*"}
rst -system
after 3000
targets -set -filter {jtag_cable_name =~ "Digilent Zybo Z7 210351BE7A49A" && level==0 && jtag_device_ctx=="jsn-Zybo Z7-210351BE7A49A-13722093-0"}
fpga -file C:/ECE520_SOC/ECE520_SandBox/Ultrasonic_Proximity_Alarm_soc_re/Proximity_Alarm_soc_vitis/Proximity_Alarm_app/_ide/bitstream/Proximity_Alarm_bd_wrapper.bit
targets -set -nocase -filter {name =~"APU*"}
loadhw -hw C:/ECE520_SOC/ECE520_SandBox/Ultrasonic_Proximity_Alarm_soc_re/Proximity_Alarm_soc_vitis/Proximity_Alarm_plat/export/Proximity_Alarm_plat/hw/Proximity_Alarm_bd_wrapper.xsa -mem-ranges [list {0x40000000 0xbfffffff}] -regs
configparams force-mem-access 1
targets -set -nocase -filter {name =~"APU*"}
source C:/ECE520_SOC/ECE520_SandBox/Ultrasonic_Proximity_Alarm_soc_re/Proximity_Alarm_soc_vitis/Proximity_Alarm_app/_ide/psinit/ps7_init.tcl
ps7_init
ps7_post_config
targets -set -nocase -filter {name =~ "*A9*#0"}
dow C:/ECE520_SOC/ECE520_SandBox/Ultrasonic_Proximity_Alarm_soc_re/Proximity_Alarm_soc_vitis/Proximity_Alarm_app/Debug/Proximity_Alarm_app.elf
configparams force-mem-access 0
----------------End of Script----------------

10:19:37 INFO  : Context for processor 'ps7_cortexa9_0' is selected.
10:19:37 INFO  : 'con' command is executed.
10:19:37 INFO  : ----------------XSDB Script (After Launch)----------------
targets -set -nocase -filter {name =~ "*A9*#0"}
con
----------------End of Script----------------

10:19:37 INFO  : Launch script is exported to file 'C:\ECE520_SOC\ECE520_SandBox\Ultrasonic_Proximity_Alarm_soc_re\Proximity_Alarm_soc_vitis\Proximity_Alarm_app_system\_ide\scripts\debugger_proximity_alarm_app-default.tcl'
10:48:32 INFO  : Hardware specification for platform project 'Proximity_Alarm_plat' is updated.
10:49:21 INFO  : Result from executing command 'getProjects': Proximity_Alarm_plat
10:49:21 INFO  : Result from executing command 'getPlatforms': Proximity_Alarm_plat|C:/ECE520_SOC/ECE520_SandBox/Ultrasonic_Proximity_Alarm_soc_re/Proximity_Alarm_soc_vitis/Proximity_Alarm_plat/export/Proximity_Alarm_plat/Proximity_Alarm_plat.xpfm;xilinx_zcu102_base_202310_1|C:/Xilinx/Vitis/2023.1/base_platforms/xilinx_zcu102_base_202310_1/xilinx_zcu102_base_202310_1.xpfm;xilinx_zcu102_base_dfx_202310_1|C:/Xilinx/Vitis/2023.1/base_platforms/xilinx_zcu102_base_dfx_202310_1/xilinx_zcu102_base_dfx_202310_1.xpfm;xilinx_zcu104_base_202310_1|C:/Xilinx/Vitis/2023.1/base_platforms/xilinx_zcu104_base_202310_1/xilinx_zcu104_base_202310_1.xpfm
10:49:22 INFO  : Checking for BSP changes to sync application flags for project 'Proximity_Alarm_app'...
10:49:27 INFO  : The hardware specification used by project 'Proximity_Alarm_app' is out of sync with the platform. Resource files extracted from the hardware specification will be updated.
10:49:27 INFO  : The file 'C:\ECE520_SOC\ECE520_SandBox\Ultrasonic_Proximity_Alarm_soc_re\Proximity_Alarm_soc_vitis\Proximity_Alarm_app\_ide\bitstream\Proximity_Alarm_bd_wrapper.bit' stored in project is removed.
10:49:27 INFO  : The updated bitstream files are copied from platform to folder 'C:\ECE520_SOC\ECE520_SandBox\Ultrasonic_Proximity_Alarm_soc_re\Proximity_Alarm_soc_vitis\Proximity_Alarm_app\_ide\bitstream' in project 'Proximity_Alarm_app'.
10:49:27 INFO  : The file 'C:\ECE520_SOC\ECE520_SandBox\Ultrasonic_Proximity_Alarm_soc_re\Proximity_Alarm_soc_vitis\Proximity_Alarm_app\_ide\psinit\ps7_init.tcl' stored in project is removed.
10:49:33 INFO  : The updated ps init files are copied from platform to folder 'C:\ECE520_SOC\ECE520_SandBox\Ultrasonic_Proximity_Alarm_soc_re\Proximity_Alarm_soc_vitis\Proximity_Alarm_app\_ide\psinit' in project 'Proximity_Alarm_app'.
10:50:22 INFO  : Disconnected from the channel tcfchan#3.
10:50:23 INFO  : Connected to target on host '127.0.0.1' and port '3121'.
10:50:32 INFO  : ----------------XSDB Script----------------
connect -url tcp:127.0.0.1:3121
----------------End of Script----------------

10:50:32 ERROR : Could not find ARM device on the board for connection 'Local'.
Check if the target is in:
1. Split JTAG - No operations are possible with ARM DAP.
2. Non JTAG bootmode - Bootrom may need time to enable DAP.
Please try again.


Troubleshooting hints:
1. Check whether board is connected to system properly.
2. In case of zynq board, check whether Digilent/Xilinx cable switch settings are correct.
3. If you are using Xilinx Platform Cable USB, ensure that status LED is green.
10:50:37 INFO  : Connected to target on host '127.0.0.1' and port '3121'.
10:50:37 INFO  : Jtag cable 'Digilent Zybo Z7 210351BE7A49A' is selected.
10:50:37 INFO  : 'jtag frequency' command is executed.
10:50:37 INFO  : Context for 'APU' is selected.
10:50:37 INFO  : System reset is completed.
10:50:40 INFO  : 'after 3000' command is executed.
10:50:40 INFO  : 'targets -set -filter {jtag_cable_name =~ "Digilent Zybo Z7 210351BE7A49A" && level==0 && jtag_device_ctx=="jsn-Zybo Z7-210351BE7A49A-13722093-0"}' command is executed.
10:50:42 INFO  : Device configured successfully with "C:/ECE520_SOC/ECE520_SandBox/Ultrasonic_Proximity_Alarm_soc_re/Proximity_Alarm_soc_vitis/Proximity_Alarm_app/_ide/bitstream/Proximity_Alarm_bd_wrapper.bit"
10:50:42 INFO  : Context for 'APU' is selected.
10:50:42 INFO  : Hardware design and registers information is loaded from 'C:/ECE520_SOC/ECE520_SandBox/Ultrasonic_Proximity_Alarm_soc_re/Proximity_Alarm_soc_vitis/Proximity_Alarm_plat/export/Proximity_Alarm_plat/hw/Proximity_Alarm_bd_wrapper.xsa'.
10:50:42 INFO  : 'configparams force-mem-access 1' command is executed.
10:50:42 INFO  : Context for 'APU' is selected.
10:50:42 INFO  : Sourcing of 'C:/ECE520_SOC/ECE520_SandBox/Ultrasonic_Proximity_Alarm_soc_re/Proximity_Alarm_soc_vitis/Proximity_Alarm_app/_ide/psinit/ps7_init.tcl' is done.
10:50:42 INFO  : 'ps7_init' command is executed.
10:50:42 INFO  : 'ps7_post_config' command is executed.
10:50:42 INFO  : Context for processor 'ps7_cortexa9_0' is selected.
10:50:42 INFO  : The application 'C:/ECE520_SOC/ECE520_SandBox/Ultrasonic_Proximity_Alarm_soc_re/Proximity_Alarm_soc_vitis/Proximity_Alarm_app/Debug/Proximity_Alarm_app.elf' is downloaded to processor 'ps7_cortexa9_0'.
10:50:42 INFO  : 'configparams force-mem-access 0' command is executed.
10:50:42 INFO  : ----------------XSDB Script----------------
connect -url tcp:127.0.0.1:3121
targets -set -nocase -filter {name =~"APU*"}
rst -system
after 3000
targets -set -filter {jtag_cable_name =~ "Digilent Zybo Z7 210351BE7A49A" && level==0 && jtag_device_ctx=="jsn-Zybo Z7-210351BE7A49A-13722093-0"}
fpga -file C:/ECE520_SOC/ECE520_SandBox/Ultrasonic_Proximity_Alarm_soc_re/Proximity_Alarm_soc_vitis/Proximity_Alarm_app/_ide/bitstream/Proximity_Alarm_bd_wrapper.bit
targets -set -nocase -filter {name =~"APU*"}
loadhw -hw C:/ECE520_SOC/ECE520_SandBox/Ultrasonic_Proximity_Alarm_soc_re/Proximity_Alarm_soc_vitis/Proximity_Alarm_plat/export/Proximity_Alarm_plat/hw/Proximity_Alarm_bd_wrapper.xsa -mem-ranges [list {0x40000000 0xbfffffff}] -regs
configparams force-mem-access 1
targets -set -nocase -filter {name =~"APU*"}
source C:/ECE520_SOC/ECE520_SandBox/Ultrasonic_Proximity_Alarm_soc_re/Proximity_Alarm_soc_vitis/Proximity_Alarm_app/_ide/psinit/ps7_init.tcl
ps7_init
ps7_post_config
targets -set -nocase -filter {name =~ "*A9*#0"}
dow C:/ECE520_SOC/ECE520_SandBox/Ultrasonic_Proximity_Alarm_soc_re/Proximity_Alarm_soc_vitis/Proximity_Alarm_app/Debug/Proximity_Alarm_app.elf
configparams force-mem-access 0
----------------End of Script----------------

10:50:42 INFO  : Context for processor 'ps7_cortexa9_0' is selected.
10:50:42 INFO  : 'con' command is executed.
10:50:42 INFO  : ----------------XSDB Script (After Launch)----------------
targets -set -nocase -filter {name =~ "*A9*#0"}
con
----------------End of Script----------------

10:50:42 INFO  : Launch script is exported to file 'C:\ECE520_SOC\ECE520_SandBox\Ultrasonic_Proximity_Alarm_soc_re\Proximity_Alarm_soc_vitis\Proximity_Alarm_app_system\_ide\scripts\debugger_proximity_alarm_app-default.tcl'
11:05:39 INFO  : Checking for BSP changes to sync application flags for project 'Proximity_Alarm_app'...
11:06:18 INFO  : Disconnected from the channel tcfchan#6.
11:06:19 INFO  : Connected to target on host '127.0.0.1' and port '3121'.
11:06:20 INFO  : ----------------XSDB Script----------------
connect -url tcp:127.0.0.1:3121
----------------End of Script----------------

11:06:20 ERROR : Could not find FPGA device on the board for connection 'Local'.


Troubleshooting hints:
1. Check whether board is connected to system properly.
2. In case of zynq board, check whether Digilent/Xilinx cable switch settings are correct.
3. If you are using Xilinx Platform Cable USB, ensure that status LED is green.
11:06:25 INFO  : Connected to target on host '127.0.0.1' and port '3121'.
11:06:25 INFO  : Jtag cable 'Digilent Zybo Z7 210351BE7A49A' is selected.
11:06:25 INFO  : 'jtag frequency' command is executed.
11:06:25 INFO  : Context for 'APU' is selected.
11:06:25 INFO  : System reset is completed.
11:06:28 INFO  : 'after 3000' command is executed.
11:06:29 INFO  : 'targets -set -filter {jtag_cable_name =~ "Digilent Zybo Z7 210351BE7A49A" && level==0 && jtag_device_ctx=="jsn-Zybo Z7-210351BE7A49A-13722093-0"}' command is executed.
11:06:30 INFO  : Device configured successfully with "C:/ECE520_SOC/ECE520_SandBox/Ultrasonic_Proximity_Alarm_soc_re/Proximity_Alarm_soc_vitis/Proximity_Alarm_app/_ide/bitstream/Proximity_Alarm_bd_wrapper.bit"
11:06:30 INFO  : Context for 'APU' is selected.
11:06:30 INFO  : Hardware design and registers information is loaded from 'C:/ECE520_SOC/ECE520_SandBox/Ultrasonic_Proximity_Alarm_soc_re/Proximity_Alarm_soc_vitis/Proximity_Alarm_plat/export/Proximity_Alarm_plat/hw/Proximity_Alarm_bd_wrapper.xsa'.
11:06:30 INFO  : 'configparams force-mem-access 1' command is executed.
11:06:30 INFO  : Context for 'APU' is selected.
11:06:30 INFO  : Sourcing of 'C:/ECE520_SOC/ECE520_SandBox/Ultrasonic_Proximity_Alarm_soc_re/Proximity_Alarm_soc_vitis/Proximity_Alarm_app/_ide/psinit/ps7_init.tcl' is done.
11:06:30 INFO  : 'ps7_init' command is executed.
11:06:30 INFO  : 'ps7_post_config' command is executed.
11:06:30 INFO  : Context for processor 'ps7_cortexa9_0' is selected.
11:06:31 INFO  : The application 'C:/ECE520_SOC/ECE520_SandBox/Ultrasonic_Proximity_Alarm_soc_re/Proximity_Alarm_soc_vitis/Proximity_Alarm_app/Debug/Proximity_Alarm_app.elf' is downloaded to processor 'ps7_cortexa9_0'.
11:06:31 INFO  : 'configparams force-mem-access 0' command is executed.
11:06:31 INFO  : ----------------XSDB Script----------------
connect -url tcp:127.0.0.1:3121
targets -set -nocase -filter {name =~"APU*"}
rst -system
after 3000
targets -set -filter {jtag_cable_name =~ "Digilent Zybo Z7 210351BE7A49A" && level==0 && jtag_device_ctx=="jsn-Zybo Z7-210351BE7A49A-13722093-0"}
fpga -file C:/ECE520_SOC/ECE520_SandBox/Ultrasonic_Proximity_Alarm_soc_re/Proximity_Alarm_soc_vitis/Proximity_Alarm_app/_ide/bitstream/Proximity_Alarm_bd_wrapper.bit
targets -set -nocase -filter {name =~"APU*"}
loadhw -hw C:/ECE520_SOC/ECE520_SandBox/Ultrasonic_Proximity_Alarm_soc_re/Proximity_Alarm_soc_vitis/Proximity_Alarm_plat/export/Proximity_Alarm_plat/hw/Proximity_Alarm_bd_wrapper.xsa -mem-ranges [list {0x40000000 0xbfffffff}] -regs
configparams force-mem-access 1
targets -set -nocase -filter {name =~"APU*"}
source C:/ECE520_SOC/ECE520_SandBox/Ultrasonic_Proximity_Alarm_soc_re/Proximity_Alarm_soc_vitis/Proximity_Alarm_app/_ide/psinit/ps7_init.tcl
ps7_init
ps7_post_config
targets -set -nocase -filter {name =~ "*A9*#0"}
dow C:/ECE520_SOC/ECE520_SandBox/Ultrasonic_Proximity_Alarm_soc_re/Proximity_Alarm_soc_vitis/Proximity_Alarm_app/Debug/Proximity_Alarm_app.elf
configparams force-mem-access 0
----------------End of Script----------------

11:06:31 INFO  : Context for processor 'ps7_cortexa9_0' is selected.
11:06:31 INFO  : 'con' command is executed.
11:06:31 INFO  : ----------------XSDB Script (After Launch)----------------
targets -set -nocase -filter {name =~ "*A9*#0"}
con
----------------End of Script----------------

11:06:31 INFO  : Launch script is exported to file 'C:\ECE520_SOC\ECE520_SandBox\Ultrasonic_Proximity_Alarm_soc_re\Proximity_Alarm_soc_vitis\Proximity_Alarm_app_system\_ide\scripts\debugger_proximity_alarm_app-default.tcl'
11:11:33 INFO  : Checking for BSP changes to sync application flags for project 'Proximity_Alarm_app'...
11:12:04 INFO  : Disconnected from the channel tcfchan#8.
11:12:05 INFO  : Connected to target on host '127.0.0.1' and port '3121'.
11:12:15 INFO  : ----------------XSDB Script----------------
connect -url tcp:127.0.0.1:3121
----------------End of Script----------------

11:12:15 ERROR : Could not find ARM device on the board for connection 'Local'.
Check if the target is in:
1. Split JTAG - No operations are possible with ARM DAP.
2. Non JTAG bootmode - Bootrom may need time to enable DAP.
Please try again.


Troubleshooting hints:
1. Check whether board is connected to system properly.
2. In case of zynq board, check whether Digilent/Xilinx cable switch settings are correct.
3. If you are using Xilinx Platform Cable USB, ensure that status LED is green.
11:12:22 INFO  : Connected to target on host '127.0.0.1' and port '3121'.
11:12:23 INFO  : Jtag cable 'Digilent Zybo Z7 210351BE7A49A' is selected.
11:12:23 INFO  : 'jtag frequency' command is executed.
11:12:23 INFO  : Context for 'APU' is selected.
11:12:23 INFO  : System reset is completed.
11:12:26 INFO  : 'after 3000' command is executed.
11:12:26 INFO  : 'targets -set -filter {jtag_cable_name =~ "Digilent Zybo Z7 210351BE7A49A" && level==0 && jtag_device_ctx=="jsn-Zybo Z7-210351BE7A49A-13722093-0"}' command is executed.
11:12:27 INFO  : Device configured successfully with "C:/ECE520_SOC/ECE520_SandBox/Ultrasonic_Proximity_Alarm_soc_re/Proximity_Alarm_soc_vitis/Proximity_Alarm_app/_ide/bitstream/Proximity_Alarm_bd_wrapper.bit"
11:12:27 INFO  : Context for 'APU' is selected.
11:12:27 INFO  : Hardware design and registers information is loaded from 'C:/ECE520_SOC/ECE520_SandBox/Ultrasonic_Proximity_Alarm_soc_re/Proximity_Alarm_soc_vitis/Proximity_Alarm_plat/export/Proximity_Alarm_plat/hw/Proximity_Alarm_bd_wrapper.xsa'.
11:12:27 INFO  : 'configparams force-mem-access 1' command is executed.
11:12:27 INFO  : Context for 'APU' is selected.
11:12:27 INFO  : Sourcing of 'C:/ECE520_SOC/ECE520_SandBox/Ultrasonic_Proximity_Alarm_soc_re/Proximity_Alarm_soc_vitis/Proximity_Alarm_app/_ide/psinit/ps7_init.tcl' is done.
11:12:28 INFO  : 'ps7_init' command is executed.
11:12:28 INFO  : 'ps7_post_config' command is executed.
11:12:28 INFO  : Context for processor 'ps7_cortexa9_0' is selected.
11:12:28 INFO  : The application 'C:/ECE520_SOC/ECE520_SandBox/Ultrasonic_Proximity_Alarm_soc_re/Proximity_Alarm_soc_vitis/Proximity_Alarm_app/Debug/Proximity_Alarm_app.elf' is downloaded to processor 'ps7_cortexa9_0'.
11:12:28 INFO  : 'configparams force-mem-access 0' command is executed.
11:12:28 INFO  : ----------------XSDB Script----------------
connect -url tcp:127.0.0.1:3121
targets -set -nocase -filter {name =~"APU*"}
rst -system
after 3000
targets -set -filter {jtag_cable_name =~ "Digilent Zybo Z7 210351BE7A49A" && level==0 && jtag_device_ctx=="jsn-Zybo Z7-210351BE7A49A-13722093-0"}
fpga -file C:/ECE520_SOC/ECE520_SandBox/Ultrasonic_Proximity_Alarm_soc_re/Proximity_Alarm_soc_vitis/Proximity_Alarm_app/_ide/bitstream/Proximity_Alarm_bd_wrapper.bit
targets -set -nocase -filter {name =~"APU*"}
loadhw -hw C:/ECE520_SOC/ECE520_SandBox/Ultrasonic_Proximity_Alarm_soc_re/Proximity_Alarm_soc_vitis/Proximity_Alarm_plat/export/Proximity_Alarm_plat/hw/Proximity_Alarm_bd_wrapper.xsa -mem-ranges [list {0x40000000 0xbfffffff}] -regs
configparams force-mem-access 1
targets -set -nocase -filter {name =~"APU*"}
source C:/ECE520_SOC/ECE520_SandBox/Ultrasonic_Proximity_Alarm_soc_re/Proximity_Alarm_soc_vitis/Proximity_Alarm_app/_ide/psinit/ps7_init.tcl
ps7_init
ps7_post_config
targets -set -nocase -filter {name =~ "*A9*#0"}
dow C:/ECE520_SOC/ECE520_SandBox/Ultrasonic_Proximity_Alarm_soc_re/Proximity_Alarm_soc_vitis/Proximity_Alarm_app/Debug/Proximity_Alarm_app.elf
configparams force-mem-access 0
----------------End of Script----------------

11:12:28 INFO  : Context for processor 'ps7_cortexa9_0' is selected.
11:12:28 INFO  : 'con' command is executed.
11:12:28 INFO  : ----------------XSDB Script (After Launch)----------------
targets -set -nocase -filter {name =~ "*A9*#0"}
con
----------------End of Script----------------

11:12:28 INFO  : Launch script is exported to file 'C:\ECE520_SOC\ECE520_SandBox\Ultrasonic_Proximity_Alarm_soc_re\Proximity_Alarm_soc_vitis\Proximity_Alarm_app_system\_ide\scripts\debugger_proximity_alarm_app-default.tcl'
11:57:44 INFO  : Disconnected from the channel tcfchan#10.
11:57:45 INFO  : Connected to target on host '127.0.0.1' and port '3121'.
11:57:48 INFO  : Jtag cable 'Digilent Zybo Z7 210351BE7A49A' is selected.
11:57:48 INFO  : 'jtag frequency' command is executed.
11:57:48 INFO  : Context for 'APU' is selected.
11:57:48 INFO  : System reset is completed.
11:57:51 INFO  : 'after 3000' command is executed.
11:57:51 INFO  : 'targets -set -filter {jtag_cable_name =~ "Digilent Zybo Z7 210351BE7A49A" && level==0 && jtag_device_ctx=="jsn-Zybo Z7-210351BE7A49A-13722093-0"}' command is executed.
11:57:53 INFO  : Device configured successfully with "C:/ECE520_SOC/ECE520_SandBox/Ultrasonic_Proximity_Alarm_soc_re/Proximity_Alarm_soc_vitis/Proximity_Alarm_app/_ide/bitstream/Proximity_Alarm_bd_wrapper.bit"
11:57:53 INFO  : Context for 'APU' is selected.
11:57:53 INFO  : Hardware design and registers information is loaded from 'C:/ECE520_SOC/ECE520_SandBox/Ultrasonic_Proximity_Alarm_soc_re/Proximity_Alarm_soc_vitis/Proximity_Alarm_plat/export/Proximity_Alarm_plat/hw/Proximity_Alarm_bd_wrapper.xsa'.
11:57:53 INFO  : 'configparams force-mem-access 1' command is executed.
11:57:53 INFO  : Context for 'APU' is selected.
11:57:53 INFO  : Sourcing of 'C:/ECE520_SOC/ECE520_SandBox/Ultrasonic_Proximity_Alarm_soc_re/Proximity_Alarm_soc_vitis/Proximity_Alarm_app/_ide/psinit/ps7_init.tcl' is done.
11:57:53 INFO  : 'ps7_init' command is executed.
11:57:53 INFO  : 'ps7_post_config' command is executed.
11:57:53 INFO  : Context for processor 'ps7_cortexa9_0' is selected.
11:57:53 INFO  : The application 'C:/ECE520_SOC/ECE520_SandBox/Ultrasonic_Proximity_Alarm_soc_re/Proximity_Alarm_soc_vitis/Proximity_Alarm_app/Debug/Proximity_Alarm_app.elf' is downloaded to processor 'ps7_cortexa9_0'.
11:57:53 INFO  : 'configparams force-mem-access 0' command is executed.
11:57:53 INFO  : ----------------XSDB Script----------------
connect -url tcp:127.0.0.1:3121
targets -set -nocase -filter {name =~"APU*"}
rst -system
after 3000
targets -set -filter {jtag_cable_name =~ "Digilent Zybo Z7 210351BE7A49A" && level==0 && jtag_device_ctx=="jsn-Zybo Z7-210351BE7A49A-13722093-0"}
fpga -file C:/ECE520_SOC/ECE520_SandBox/Ultrasonic_Proximity_Alarm_soc_re/Proximity_Alarm_soc_vitis/Proximity_Alarm_app/_ide/bitstream/Proximity_Alarm_bd_wrapper.bit
targets -set -nocase -filter {name =~"APU*"}
loadhw -hw C:/ECE520_SOC/ECE520_SandBox/Ultrasonic_Proximity_Alarm_soc_re/Proximity_Alarm_soc_vitis/Proximity_Alarm_plat/export/Proximity_Alarm_plat/hw/Proximity_Alarm_bd_wrapper.xsa -mem-ranges [list {0x40000000 0xbfffffff}] -regs
configparams force-mem-access 1
targets -set -nocase -filter {name =~"APU*"}
source C:/ECE520_SOC/ECE520_SandBox/Ultrasonic_Proximity_Alarm_soc_re/Proximity_Alarm_soc_vitis/Proximity_Alarm_app/_ide/psinit/ps7_init.tcl
ps7_init
ps7_post_config
targets -set -nocase -filter {name =~ "*A9*#0"}
dow C:/ECE520_SOC/ECE520_SandBox/Ultrasonic_Proximity_Alarm_soc_re/Proximity_Alarm_soc_vitis/Proximity_Alarm_app/Debug/Proximity_Alarm_app.elf
configparams force-mem-access 0
----------------End of Script----------------

11:57:54 INFO  : Context for processor 'ps7_cortexa9_0' is selected.
11:57:54 INFO  : 'con' command is executed.
11:57:54 INFO  : ----------------XSDB Script (After Launch)----------------
targets -set -nocase -filter {name =~ "*A9*#0"}
con
----------------End of Script----------------

11:57:54 INFO  : Launch script is exported to file 'C:\ECE520_SOC\ECE520_SandBox\Ultrasonic_Proximity_Alarm_soc_re\Proximity_Alarm_soc_vitis\Proximity_Alarm_app_system\_ide\scripts\debugger_proximity_alarm_app-default.tcl'
13:37:01 INFO  : Checking for BSP changes to sync application flags for project 'Proximity_Alarm_app'...
13:37:36 INFO  : Checking for BSP changes to sync application flags for project 'Proximity_Alarm_app'...
13:41:40 INFO  : Disconnected from the channel tcfchan#11.
13:41:41 INFO  : Connected to target on host '127.0.0.1' and port '3121'.
13:41:51 INFO  : ----------------XSDB Script----------------
connect -url tcp:127.0.0.1:3121
----------------End of Script----------------

13:41:51 ERROR : Could not find ARM device on the board for connection 'Local'.
Check if the target is in:
1. Split JTAG - No operations are possible with ARM DAP.
2. Non JTAG bootmode - Bootrom may need time to enable DAP.
Please try again.


Troubleshooting hints:
1. Check whether board is connected to system properly.
2. In case of zynq board, check whether Digilent/Xilinx cable switch settings are correct.
3. If you are using Xilinx Platform Cable USB, ensure that status LED is green.
13:41:56 INFO  : Connected to target on host '127.0.0.1' and port '3121'.
13:41:56 INFO  : Jtag cable 'Digilent Zybo Z7 210351BE7A49A' is selected.
13:41:56 INFO  : 'jtag frequency' command is executed.
13:41:56 INFO  : Context for 'APU' is selected.
13:41:56 INFO  : System reset is completed.
13:41:59 INFO  : 'after 3000' command is executed.
13:42:00 INFO  : 'targets -set -filter {jtag_cable_name =~ "Digilent Zybo Z7 210351BE7A49A" && level==0 && jtag_device_ctx=="jsn-Zybo Z7-210351BE7A49A-13722093-0"}' command is executed.
13:42:01 INFO  : Device configured successfully with "C:/ECE520_SOC/ECE520_SandBox/Ultrasonic_Proximity_Alarm_soc_re/Proximity_Alarm_soc_vitis/Proximity_Alarm_app/_ide/bitstream/Proximity_Alarm_bd_wrapper.bit"
13:42:01 INFO  : Context for 'APU' is selected.
13:42:01 INFO  : Hardware design and registers information is loaded from 'C:/ECE520_SOC/ECE520_SandBox/Ultrasonic_Proximity_Alarm_soc_re/Proximity_Alarm_soc_vitis/Proximity_Alarm_plat/export/Proximity_Alarm_plat/hw/Proximity_Alarm_bd_wrapper.xsa'.
13:42:01 INFO  : 'configparams force-mem-access 1' command is executed.
13:42:01 INFO  : Context for 'APU' is selected.
13:42:01 INFO  : Sourcing of 'C:/ECE520_SOC/ECE520_SandBox/Ultrasonic_Proximity_Alarm_soc_re/Proximity_Alarm_soc_vitis/Proximity_Alarm_app/_ide/psinit/ps7_init.tcl' is done.
13:42:02 INFO  : 'ps7_init' command is executed.
13:42:02 INFO  : 'ps7_post_config' command is executed.
13:42:02 INFO  : Context for processor 'ps7_cortexa9_0' is selected.
13:42:02 INFO  : The application 'C:/ECE520_SOC/ECE520_SandBox/Ultrasonic_Proximity_Alarm_soc_re/Proximity_Alarm_soc_vitis/Proximity_Alarm_app/Debug/Proximity_Alarm_app.elf' is downloaded to processor 'ps7_cortexa9_0'.
13:42:02 INFO  : 'configparams force-mem-access 0' command is executed.
13:42:02 INFO  : ----------------XSDB Script----------------
connect -url tcp:127.0.0.1:3121
targets -set -nocase -filter {name =~"APU*"}
rst -system
after 3000
targets -set -filter {jtag_cable_name =~ "Digilent Zybo Z7 210351BE7A49A" && level==0 && jtag_device_ctx=="jsn-Zybo Z7-210351BE7A49A-13722093-0"}
fpga -file C:/ECE520_SOC/ECE520_SandBox/Ultrasonic_Proximity_Alarm_soc_re/Proximity_Alarm_soc_vitis/Proximity_Alarm_app/_ide/bitstream/Proximity_Alarm_bd_wrapper.bit
targets -set -nocase -filter {name =~"APU*"}
loadhw -hw C:/ECE520_SOC/ECE520_SandBox/Ultrasonic_Proximity_Alarm_soc_re/Proximity_Alarm_soc_vitis/Proximity_Alarm_plat/export/Proximity_Alarm_plat/hw/Proximity_Alarm_bd_wrapper.xsa -mem-ranges [list {0x40000000 0xbfffffff}] -regs
configparams force-mem-access 1
targets -set -nocase -filter {name =~"APU*"}
source C:/ECE520_SOC/ECE520_SandBox/Ultrasonic_Proximity_Alarm_soc_re/Proximity_Alarm_soc_vitis/Proximity_Alarm_app/_ide/psinit/ps7_init.tcl
ps7_init
ps7_post_config
targets -set -nocase -filter {name =~ "*A9*#0"}
dow C:/ECE520_SOC/ECE520_SandBox/Ultrasonic_Proximity_Alarm_soc_re/Proximity_Alarm_soc_vitis/Proximity_Alarm_app/Debug/Proximity_Alarm_app.elf
configparams force-mem-access 0
----------------End of Script----------------

13:42:02 INFO  : Context for processor 'ps7_cortexa9_0' is selected.
13:42:02 INFO  : 'con' command is executed.
13:42:02 INFO  : ----------------XSDB Script (After Launch)----------------
targets -set -nocase -filter {name =~ "*A9*#0"}
con
----------------End of Script----------------

13:42:02 INFO  : Launch script is exported to file 'C:\ECE520_SOC\ECE520_SandBox\Ultrasonic_Proximity_Alarm_soc_re\Proximity_Alarm_soc_vitis\Proximity_Alarm_app_system\_ide\scripts\debugger_proximity_alarm_app-default.tcl'
14:26:02 INFO  : Hardware specification for platform project 'Proximity_Alarm_plat' is updated.
14:26:54 INFO  : Result from executing command 'getProjects': Proximity_Alarm_plat
14:26:54 INFO  : Result from executing command 'getPlatforms': xilinx_zcu102_base_202310_1|C:/Xilinx/Vitis/2023.1/base_platforms/xilinx_zcu102_base_202310_1/xilinx_zcu102_base_202310_1.xpfm;xilinx_zcu102_base_dfx_202310_1|C:/Xilinx/Vitis/2023.1/base_platforms/xilinx_zcu102_base_dfx_202310_1/xilinx_zcu102_base_dfx_202310_1.xpfm;xilinx_zcu104_base_202310_1|C:/Xilinx/Vitis/2023.1/base_platforms/xilinx_zcu104_base_202310_1/xilinx_zcu104_base_202310_1.xpfm
14:26:55 INFO  : Checking for BSP changes to sync application flags for project 'Proximity_Alarm_app'...
14:27:04 INFO  : The hardware specification used by project 'Proximity_Alarm_app' is out of sync with the platform. Resource files extracted from the hardware specification will be updated.
14:27:04 INFO  : The file 'C:\ECE520_SOC\ECE520_SandBox\Ultrasonic_Proximity_Alarm_soc_re\Proximity_Alarm_soc_vitis\Proximity_Alarm_app\_ide\bitstream\Proximity_Alarm_bd_wrapper.bit' stored in project is removed.
14:27:04 INFO  : The updated bitstream files are copied from platform to folder 'C:\ECE520_SOC\ECE520_SandBox\Ultrasonic_Proximity_Alarm_soc_re\Proximity_Alarm_soc_vitis\Proximity_Alarm_app\_ide\bitstream' in project 'Proximity_Alarm_app'.
14:27:04 INFO  : The file 'C:\ECE520_SOC\ECE520_SandBox\Ultrasonic_Proximity_Alarm_soc_re\Proximity_Alarm_soc_vitis\Proximity_Alarm_app\_ide\psinit\ps7_init.tcl' stored in project is removed.
14:27:14 INFO  : The updated ps init files are copied from platform to folder 'C:\ECE520_SOC\ECE520_SandBox\Ultrasonic_Proximity_Alarm_soc_re\Proximity_Alarm_soc_vitis\Proximity_Alarm_app\_ide\psinit' in project 'Proximity_Alarm_app'.
14:27:57 INFO  : Disconnected from the channel tcfchan#13.
14:27:58 INFO  : Connected to target on host '127.0.0.1' and port '3121'.
14:27:59 INFO  : Jtag cable 'Digilent Zybo Z7 210351BE7A49A' is selected.
14:27:59 INFO  : 'jtag frequency' command is executed.
14:27:59 INFO  : Context for 'APU' is selected.
14:27:59 INFO  : System reset is completed.
14:28:02 INFO  : 'after 3000' command is executed.
14:28:02 INFO  : 'targets -set -filter {jtag_cable_name =~ "Digilent Zybo Z7 210351BE7A49A" && level==0 && jtag_device_ctx=="jsn-Zybo Z7-210351BE7A49A-13722093-0"}' command is executed.
14:28:03 INFO  : Device configured successfully with "C:/ECE520_SOC/ECE520_SandBox/Ultrasonic_Proximity_Alarm_soc_re/Proximity_Alarm_soc_vitis/Proximity_Alarm_app/_ide/bitstream/Proximity_Alarm_bd_wrapper.bit"
14:28:03 INFO  : Context for 'APU' is selected.
14:28:04 INFO  : Hardware design and registers information is loaded from 'C:/ECE520_SOC/ECE520_SandBox/Ultrasonic_Proximity_Alarm_soc_re/Proximity_Alarm_soc_vitis/Proximity_Alarm_plat/export/Proximity_Alarm_plat/hw/Proximity_Alarm_bd_wrapper.xsa'.
14:28:04 INFO  : 'configparams force-mem-access 1' command is executed.
14:28:04 INFO  : Context for 'APU' is selected.
14:28:04 INFO  : Sourcing of 'C:/ECE520_SOC/ECE520_SandBox/Ultrasonic_Proximity_Alarm_soc_re/Proximity_Alarm_soc_vitis/Proximity_Alarm_app/_ide/psinit/ps7_init.tcl' is done.
14:28:05 INFO  : 'ps7_init' command is executed.
14:28:05 INFO  : 'ps7_post_config' command is executed.
14:28:05 INFO  : Context for processor 'ps7_cortexa9_0' is selected.
14:28:05 INFO  : The application 'C:/ECE520_SOC/ECE520_SandBox/Ultrasonic_Proximity_Alarm_soc_re/Proximity_Alarm_soc_vitis/Proximity_Alarm_app/Debug/Proximity_Alarm_app.elf' is downloaded to processor 'ps7_cortexa9_0'.
14:28:05 INFO  : 'configparams force-mem-access 0' command is executed.
14:28:05 INFO  : ----------------XSDB Script----------------
connect -url tcp:127.0.0.1:3121
targets -set -nocase -filter {name =~"APU*"}
rst -system
after 3000
targets -set -filter {jtag_cable_name =~ "Digilent Zybo Z7 210351BE7A49A" && level==0 && jtag_device_ctx=="jsn-Zybo Z7-210351BE7A49A-13722093-0"}
fpga -file C:/ECE520_SOC/ECE520_SandBox/Ultrasonic_Proximity_Alarm_soc_re/Proximity_Alarm_soc_vitis/Proximity_Alarm_app/_ide/bitstream/Proximity_Alarm_bd_wrapper.bit
targets -set -nocase -filter {name =~"APU*"}
loadhw -hw C:/ECE520_SOC/ECE520_SandBox/Ultrasonic_Proximity_Alarm_soc_re/Proximity_Alarm_soc_vitis/Proximity_Alarm_plat/export/Proximity_Alarm_plat/hw/Proximity_Alarm_bd_wrapper.xsa -mem-ranges [list {0x40000000 0xbfffffff}] -regs
configparams force-mem-access 1
targets -set -nocase -filter {name =~"APU*"}
source C:/ECE520_SOC/ECE520_SandBox/Ultrasonic_Proximity_Alarm_soc_re/Proximity_Alarm_soc_vitis/Proximity_Alarm_app/_ide/psinit/ps7_init.tcl
ps7_init
ps7_post_config
targets -set -nocase -filter {name =~ "*A9*#0"}
dow C:/ECE520_SOC/ECE520_SandBox/Ultrasonic_Proximity_Alarm_soc_re/Proximity_Alarm_soc_vitis/Proximity_Alarm_app/Debug/Proximity_Alarm_app.elf
configparams force-mem-access 0
----------------End of Script----------------

14:28:05 INFO  : Context for processor 'ps7_cortexa9_0' is selected.
14:28:05 INFO  : 'con' command is executed.
14:28:05 INFO  : ----------------XSDB Script (After Launch)----------------
targets -set -nocase -filter {name =~ "*A9*#0"}
con
----------------End of Script----------------

14:28:05 INFO  : Launch script is exported to file 'C:\ECE520_SOC\ECE520_SandBox\Ultrasonic_Proximity_Alarm_soc_re\Proximity_Alarm_soc_vitis\Proximity_Alarm_app_system\_ide\scripts\debugger_proximity_alarm_app-default.tcl'
14:35:12 INFO  : Disconnected from the channel tcfchan#16.
16:14:09 DEBUG : Logs will be stored at 'C:/ECE520_SOC/ECE520_SandBox/Ultrasonic_Proximity_Alarm_soc_re/Proximity_Alarm_soc_vitis/IDE.log'.
16:14:10 INFO  : Launching XSCT server: xsct.bat -n  -interactive C:\ECE520_SOC\ECE520_SandBox\Ultrasonic_Proximity_Alarm_soc_re\Proximity_Alarm_soc_vitis\temp_xsdb_launch_script.tcl
16:14:13 INFO  : XSCT server has started successfully.
16:14:13 INFO  : plnx-install-location is set to ''
16:14:13 INFO  : Successfully done setting XSCT server connection channel  
16:14:13 INFO  : Successfully done setting workspace for the tool. 
16:14:13 INFO  : Platform repository initialization has completed.
16:14:20 INFO  : Registering command handlers for Vitis TCF services
16:14:20 INFO  : Successfully done query RDI_DATADIR 
16:15:32 INFO  : No changes in MSS file content so sources will not be generated.
16:15:40 INFO  : No changes in MSS file content so sources will not be generated.
16:27:26 INFO  : Connected to target on host '127.0.0.1' and port '3121'.
16:27:27 INFO  : Jtag cable 'Digilent Zybo Z7 210351BE7A49A' is selected.
16:27:27 INFO  : 'jtag frequency' command is executed.
16:27:27 INFO  : Context for 'APU' is selected.
16:27:27 INFO  : System reset is completed.
16:27:30 INFO  : 'after 3000' command is executed.
16:27:30 INFO  : 'targets -set -filter {jtag_cable_name =~ "Digilent Zybo Z7 210351BE7A49A" && level==0 && jtag_device_ctx=="jsn-Zybo Z7-210351BE7A49A-13722093-0"}' command is executed.
16:27:31 INFO  : Device configured successfully with "C:/ECE520_SOC/ECE520_SandBox/Ultrasonic_Proximity_Alarm_soc_re/Proximity_Alarm_soc_vitis/Proximity_Alarm_app/_ide/bitstream/Proximity_Alarm_bd_wrapper.bit"
16:27:31 INFO  : Context for 'APU' is selected.
16:27:31 INFO  : Hardware design and registers information is loaded from 'C:/ECE520_SOC/ECE520_SandBox/Ultrasonic_Proximity_Alarm_soc_re/Proximity_Alarm_soc_vitis/Proximity_Alarm_plat/export/Proximity_Alarm_plat/hw/Proximity_Alarm_bd_wrapper.xsa'.
16:27:31 INFO  : 'configparams force-mem-access 1' command is executed.
16:27:31 INFO  : Context for 'APU' is selected.
16:27:31 INFO  : Sourcing of 'C:/ECE520_SOC/ECE520_SandBox/Ultrasonic_Proximity_Alarm_soc_re/Proximity_Alarm_soc_vitis/Proximity_Alarm_app/_ide/psinit/ps7_init.tcl' is done.
16:27:32 INFO  : 'ps7_init' command is executed.
16:27:32 INFO  : 'ps7_post_config' command is executed.
16:27:32 INFO  : Context for processor 'ps7_cortexa9_0' is selected.
16:27:32 INFO  : The application 'C:/ECE520_SOC/ECE520_SandBox/Ultrasonic_Proximity_Alarm_soc_re/Proximity_Alarm_soc_vitis/Proximity_Alarm_app/Debug/Proximity_Alarm_app.elf' is downloaded to processor 'ps7_cortexa9_0'.
16:27:32 INFO  : 'configparams force-mem-access 0' command is executed.
16:27:32 INFO  : ----------------XSDB Script----------------
connect -url tcp:127.0.0.1:3121
targets -set -nocase -filter {name =~"APU*"}
rst -system
after 3000
targets -set -filter {jtag_cable_name =~ "Digilent Zybo Z7 210351BE7A49A" && level==0 && jtag_device_ctx=="jsn-Zybo Z7-210351BE7A49A-13722093-0"}
fpga -file C:/ECE520_SOC/ECE520_SandBox/Ultrasonic_Proximity_Alarm_soc_re/Proximity_Alarm_soc_vitis/Proximity_Alarm_app/_ide/bitstream/Proximity_Alarm_bd_wrapper.bit
targets -set -nocase -filter {name =~"APU*"}
loadhw -hw C:/ECE520_SOC/ECE520_SandBox/Ultrasonic_Proximity_Alarm_soc_re/Proximity_Alarm_soc_vitis/Proximity_Alarm_plat/export/Proximity_Alarm_plat/hw/Proximity_Alarm_bd_wrapper.xsa -mem-ranges [list {0x40000000 0xbfffffff}] -regs
configparams force-mem-access 1
targets -set -nocase -filter {name =~"APU*"}
source C:/ECE520_SOC/ECE520_SandBox/Ultrasonic_Proximity_Alarm_soc_re/Proximity_Alarm_soc_vitis/Proximity_Alarm_app/_ide/psinit/ps7_init.tcl
ps7_init
ps7_post_config
targets -set -nocase -filter {name =~ "*A9*#0"}
dow C:/ECE520_SOC/ECE520_SandBox/Ultrasonic_Proximity_Alarm_soc_re/Proximity_Alarm_soc_vitis/Proximity_Alarm_app/Debug/Proximity_Alarm_app.elf
configparams force-mem-access 0
----------------End of Script----------------

16:27:32 INFO  : Context for processor 'ps7_cortexa9_0' is selected.
16:27:32 INFO  : 'con' command is executed.
16:27:32 INFO  : ----------------XSDB Script (After Launch)----------------
targets -set -nocase -filter {name =~ "*A9*#0"}
con
----------------End of Script----------------

16:27:32 INFO  : Launch script is exported to file 'C:\ECE520_SOC\ECE520_SandBox\Ultrasonic_Proximity_Alarm_soc_re\Proximity_Alarm_soc_vitis\Proximity_Alarm_app_system\_ide\scripts\debugger_proximity_alarm_app-default.tcl'
18:03:30 INFO  : Disconnected from the channel tcfchan#1.
18:03:31 INFO  : Connected to target on host '127.0.0.1' and port '3121'.
18:03:31 INFO  : Jtag cable 'Digilent Zybo Z7 210351BE7A49A' is selected.
18:03:31 INFO  : 'jtag frequency' command is executed.
18:03:31 INFO  : Context for 'APU' is selected.
18:03:31 INFO  : System reset is completed.
18:03:34 INFO  : 'after 3000' command is executed.
18:03:34 INFO  : 'targets -set -filter {jtag_cable_name =~ "Digilent Zybo Z7 210351BE7A49A" && level==0 && jtag_device_ctx=="jsn-Zybo Z7-210351BE7A49A-13722093-0"}' command is executed.
18:03:35 INFO  : Device configured successfully with "C:/ECE520_SOC/ECE520_SandBox/Ultrasonic_Proximity_Alarm_soc_re/Proximity_Alarm_soc_vitis/Proximity_Alarm_app/_ide/bitstream/Proximity_Alarm_bd_wrapper.bit"
18:03:35 INFO  : Context for 'APU' is selected.
18:03:35 INFO  : Hardware design and registers information is loaded from 'C:/ECE520_SOC/ECE520_SandBox/Ultrasonic_Proximity_Alarm_soc_re/Proximity_Alarm_soc_vitis/Proximity_Alarm_plat/export/Proximity_Alarm_plat/hw/Proximity_Alarm_bd_wrapper.xsa'.
18:03:35 INFO  : 'configparams force-mem-access 1' command is executed.
18:03:35 INFO  : Context for 'APU' is selected.
18:03:35 INFO  : Sourcing of 'C:/ECE520_SOC/ECE520_SandBox/Ultrasonic_Proximity_Alarm_soc_re/Proximity_Alarm_soc_vitis/Proximity_Alarm_app/_ide/psinit/ps7_init.tcl' is done.
18:03:36 INFO  : 'ps7_init' command is executed.
18:03:36 INFO  : 'ps7_post_config' command is executed.
18:03:36 INFO  : Context for processor 'ps7_cortexa9_0' is selected.
18:03:36 INFO  : The application 'C:/ECE520_SOC/ECE520_SandBox/Ultrasonic_Proximity_Alarm_soc_re/Proximity_Alarm_soc_vitis/Proximity_Alarm_app/Debug/Proximity_Alarm_app.elf' is downloaded to processor 'ps7_cortexa9_0'.
18:03:36 INFO  : 'configparams force-mem-access 0' command is executed.
18:03:36 INFO  : ----------------XSDB Script----------------
connect -url tcp:127.0.0.1:3121
targets -set -nocase -filter {name =~"APU*"}
rst -system
after 3000
targets -set -filter {jtag_cable_name =~ "Digilent Zybo Z7 210351BE7A49A" && level==0 && jtag_device_ctx=="jsn-Zybo Z7-210351BE7A49A-13722093-0"}
fpga -file C:/ECE520_SOC/ECE520_SandBox/Ultrasonic_Proximity_Alarm_soc_re/Proximity_Alarm_soc_vitis/Proximity_Alarm_app/_ide/bitstream/Proximity_Alarm_bd_wrapper.bit
targets -set -nocase -filter {name =~"APU*"}
loadhw -hw C:/ECE520_SOC/ECE520_SandBox/Ultrasonic_Proximity_Alarm_soc_re/Proximity_Alarm_soc_vitis/Proximity_Alarm_plat/export/Proximity_Alarm_plat/hw/Proximity_Alarm_bd_wrapper.xsa -mem-ranges [list {0x40000000 0xbfffffff}] -regs
configparams force-mem-access 1
targets -set -nocase -filter {name =~"APU*"}
source C:/ECE520_SOC/ECE520_SandBox/Ultrasonic_Proximity_Alarm_soc_re/Proximity_Alarm_soc_vitis/Proximity_Alarm_app/_ide/psinit/ps7_init.tcl
ps7_init
ps7_post_config
targets -set -nocase -filter {name =~ "*A9*#0"}
dow C:/ECE520_SOC/ECE520_SandBox/Ultrasonic_Proximity_Alarm_soc_re/Proximity_Alarm_soc_vitis/Proximity_Alarm_app/Debug/Proximity_Alarm_app.elf
configparams force-mem-access 0
----------------End of Script----------------

18:03:36 INFO  : Context for processor 'ps7_cortexa9_0' is selected.
18:03:36 INFO  : 'con' command is executed.
18:03:36 INFO  : ----------------XSDB Script (After Launch)----------------
targets -set -nocase -filter {name =~ "*A9*#0"}
con
----------------End of Script----------------

18:03:36 INFO  : Launch script is exported to file 'C:\ECE520_SOC\ECE520_SandBox\Ultrasonic_Proximity_Alarm_soc_re\Proximity_Alarm_soc_vitis\Proximity_Alarm_app_system\_ide\scripts\debugger_proximity_alarm_app-default.tcl'
19:03:17 DEBUG : Logs will be stored at 'C:/ECE520_SOC/ECE520_SandBox/Ultrasonic_Proximity_Alarm_soc_re/Proximity_Alarm_soc_vitis/IDE.log'.
19:03:17 INFO  : Launching XSCT server: xsct.bat -n  -interactive C:\ECE520_SOC\ECE520_SandBox\Ultrasonic_Proximity_Alarm_soc_re\Proximity_Alarm_soc_vitis\temp_xsdb_launch_script.tcl
19:03:20 INFO  : XSCT server has started successfully.
19:03:20 INFO  : plnx-install-location is set to ''
19:03:20 INFO  : Successfully done setting XSCT server connection channel  
19:03:20 INFO  : Successfully done setting workspace for the tool. 
19:03:23 INFO  : Registering command handlers for Vitis TCF services
19:03:23 INFO  : Platform repository initialization has completed.
19:03:29 INFO  : Successfully done query RDI_DATADIR 
19:07:01 INFO  : Connected to target on host '127.0.0.1' and port '3121'.
19:07:01 INFO  : Jtag cable 'Digilent Zybo Z7 210351BE7A49A' is selected.
19:07:01 INFO  : 'jtag frequency' command is executed.
19:07:01 INFO  : Context for 'APU' is selected.
19:07:01 INFO  : System reset is completed.
19:07:04 INFO  : 'after 3000' command is executed.
19:07:04 INFO  : 'targets -set -filter {jtag_cable_name =~ "Digilent Zybo Z7 210351BE7A49A" && level==0 && jtag_device_ctx=="jsn-Zybo Z7-210351BE7A49A-13722093-0"}' command is executed.
19:07:06 INFO  : Device configured successfully with "C:/ECE520_SOC/ECE520_SandBox/Ultrasonic_Proximity_Alarm_soc_re/Proximity_Alarm_soc_vitis/Proximity_Alarm_app/_ide/bitstream/Proximity_Alarm_bd_wrapper.bit"
19:07:06 INFO  : Context for 'APU' is selected.
19:07:06 INFO  : Hardware design and registers information is loaded from 'C:/ECE520_SOC/ECE520_SandBox/Ultrasonic_Proximity_Alarm_soc_re/Proximity_Alarm_soc_vitis/Proximity_Alarm_plat/export/Proximity_Alarm_plat/hw/Proximity_Alarm_bd_wrapper.xsa'.
19:07:06 INFO  : 'configparams force-mem-access 1' command is executed.
19:07:06 INFO  : Context for 'APU' is selected.
19:07:06 INFO  : Sourcing of 'C:/ECE520_SOC/ECE520_SandBox/Ultrasonic_Proximity_Alarm_soc_re/Proximity_Alarm_soc_vitis/Proximity_Alarm_app/_ide/psinit/ps7_init.tcl' is done.
19:07:06 INFO  : 'ps7_init' command is executed.
19:07:06 INFO  : 'ps7_post_config' command is executed.
19:07:06 INFO  : Context for processor 'ps7_cortexa9_0' is selected.
19:07:06 INFO  : The application 'C:/ECE520_SOC/ECE520_SandBox/Ultrasonic_Proximity_Alarm_soc_re/Proximity_Alarm_soc_vitis/Proximity_Alarm_app/Debug/Proximity_Alarm_app.elf' is downloaded to processor 'ps7_cortexa9_0'.
19:07:06 INFO  : 'configparams force-mem-access 0' command is executed.
19:07:06 INFO  : ----------------XSDB Script----------------
connect -url tcp:127.0.0.1:3121
targets -set -nocase -filter {name =~"APU*"}
rst -system
after 3000
targets -set -filter {jtag_cable_name =~ "Digilent Zybo Z7 210351BE7A49A" && level==0 && jtag_device_ctx=="jsn-Zybo Z7-210351BE7A49A-13722093-0"}
fpga -file C:/ECE520_SOC/ECE520_SandBox/Ultrasonic_Proximity_Alarm_soc_re/Proximity_Alarm_soc_vitis/Proximity_Alarm_app/_ide/bitstream/Proximity_Alarm_bd_wrapper.bit
targets -set -nocase -filter {name =~"APU*"}
loadhw -hw C:/ECE520_SOC/ECE520_SandBox/Ultrasonic_Proximity_Alarm_soc_re/Proximity_Alarm_soc_vitis/Proximity_Alarm_plat/export/Proximity_Alarm_plat/hw/Proximity_Alarm_bd_wrapper.xsa -mem-ranges [list {0x40000000 0xbfffffff}] -regs
configparams force-mem-access 1
targets -set -nocase -filter {name =~"APU*"}
source C:/ECE520_SOC/ECE520_SandBox/Ultrasonic_Proximity_Alarm_soc_re/Proximity_Alarm_soc_vitis/Proximity_Alarm_app/_ide/psinit/ps7_init.tcl
ps7_init
ps7_post_config
targets -set -nocase -filter {name =~ "*A9*#0"}
dow C:/ECE520_SOC/ECE520_SandBox/Ultrasonic_Proximity_Alarm_soc_re/Proximity_Alarm_soc_vitis/Proximity_Alarm_app/Debug/Proximity_Alarm_app.elf
configparams force-mem-access 0
----------------End of Script----------------

19:07:06 INFO  : Context for processor 'ps7_cortexa9_0' is selected.
19:07:06 INFO  : 'con' command is executed.
19:07:06 INFO  : ----------------XSDB Script (After Launch)----------------
targets -set -nocase -filter {name =~ "*A9*#0"}
con
----------------End of Script----------------

19:07:06 INFO  : Launch script is exported to file 'C:\ECE520_SOC\ECE520_SandBox\Ultrasonic_Proximity_Alarm_soc_re\Proximity_Alarm_soc_vitis\Proximity_Alarm_app_system\_ide\scripts\debugger_proximity_alarm_app-default.tcl'
19:09:16 INFO  : Disconnected from the channel tcfchan#1.
19:09:17 INFO  : Connected to target on host '127.0.0.1' and port '3121'.
19:09:19 INFO  : Jtag cable 'Digilent Zybo Z7 210351BE7A49A' is selected.
19:09:19 INFO  : 'jtag frequency' command is executed.
19:09:19 INFO  : Context for 'APU' is selected.
19:09:19 INFO  : System reset is completed.
19:09:22 INFO  : 'after 3000' command is executed.
19:09:22 INFO  : 'targets -set -filter {jtag_cable_name =~ "Digilent Zybo Z7 210351BE7A49A" && level==0 && jtag_device_ctx=="jsn-Zybo Z7-210351BE7A49A-13722093-0"}' command is executed.
19:09:24 INFO  : Device configured successfully with "C:/ECE520_SOC/ECE520_SandBox/Ultrasonic_Proximity_Alarm_soc_re/Proximity_Alarm_soc_vitis/Proximity_Alarm_app/_ide/bitstream/Proximity_Alarm_bd_wrapper.bit"
19:09:24 INFO  : Context for 'APU' is selected.
19:09:25 INFO  : Hardware design and registers information is loaded from 'C:/ECE520_SOC/ECE520_SandBox/Ultrasonic_Proximity_Alarm_soc_re/Proximity_Alarm_soc_vitis/Proximity_Alarm_plat/export/Proximity_Alarm_plat/hw/Proximity_Alarm_bd_wrapper.xsa'.
19:09:25 INFO  : 'configparams force-mem-access 1' command is executed.
19:09:25 INFO  : Context for 'APU' is selected.
19:09:25 INFO  : Sourcing of 'C:/ECE520_SOC/ECE520_SandBox/Ultrasonic_Proximity_Alarm_soc_re/Proximity_Alarm_soc_vitis/Proximity_Alarm_app/_ide/psinit/ps7_init.tcl' is done.
19:09:26 INFO  : 'ps7_init' command is executed.
19:09:26 INFO  : 'ps7_post_config' command is executed.
19:09:26 INFO  : Context for processor 'ps7_cortexa9_0' is selected.
19:09:26 INFO  : The application 'C:/ECE520_SOC/ECE520_SandBox/Ultrasonic_Proximity_Alarm_soc_re/Proximity_Alarm_soc_vitis/Proximity_Alarm_app/Debug/Proximity_Alarm_app.elf' is downloaded to processor 'ps7_cortexa9_0'.
19:09:26 INFO  : 'configparams force-mem-access 0' command is executed.
19:09:26 INFO  : ----------------XSDB Script----------------
connect -url tcp:127.0.0.1:3121
targets -set -nocase -filter {name =~"APU*"}
rst -system
after 3000
targets -set -filter {jtag_cable_name =~ "Digilent Zybo Z7 210351BE7A49A" && level==0 && jtag_device_ctx=="jsn-Zybo Z7-210351BE7A49A-13722093-0"}
fpga -file C:/ECE520_SOC/ECE520_SandBox/Ultrasonic_Proximity_Alarm_soc_re/Proximity_Alarm_soc_vitis/Proximity_Alarm_app/_ide/bitstream/Proximity_Alarm_bd_wrapper.bit
targets -set -nocase -filter {name =~"APU*"}
loadhw -hw C:/ECE520_SOC/ECE520_SandBox/Ultrasonic_Proximity_Alarm_soc_re/Proximity_Alarm_soc_vitis/Proximity_Alarm_plat/export/Proximity_Alarm_plat/hw/Proximity_Alarm_bd_wrapper.xsa -mem-ranges [list {0x40000000 0xbfffffff}] -regs
configparams force-mem-access 1
targets -set -nocase -filter {name =~"APU*"}
source C:/ECE520_SOC/ECE520_SandBox/Ultrasonic_Proximity_Alarm_soc_re/Proximity_Alarm_soc_vitis/Proximity_Alarm_app/_ide/psinit/ps7_init.tcl
ps7_init
ps7_post_config
targets -set -nocase -filter {name =~ "*A9*#0"}
dow C:/ECE520_SOC/ECE520_SandBox/Ultrasonic_Proximity_Alarm_soc_re/Proximity_Alarm_soc_vitis/Proximity_Alarm_app/Debug/Proximity_Alarm_app.elf
configparams force-mem-access 0
----------------End of Script----------------

19:09:26 INFO  : Context for processor 'ps7_cortexa9_0' is selected.
19:09:26 INFO  : 'con' command is executed.
19:09:26 INFO  : ----------------XSDB Script (After Launch)----------------
targets -set -nocase -filter {name =~ "*A9*#0"}
con
----------------End of Script----------------

19:09:26 INFO  : Launch script is exported to file 'C:\ECE520_SOC\ECE520_SandBox\Ultrasonic_Proximity_Alarm_soc_re\Proximity_Alarm_soc_vitis\Proximity_Alarm_app_system\_ide\scripts\debugger_proximity_alarm_app-default.tcl'
19:12:06 INFO  : Disconnected from the channel tcfchan#2.
19:12:07 INFO  : Connected to target on host '127.0.0.1' and port '3121'.
19:12:16 INFO  : ----------------XSDB Script----------------
connect -url tcp:127.0.0.1:3121
----------------End of Script----------------

19:12:16 ERROR : Could not find Jtag device on the board for connection 'Local'.


Troubleshooting hints:
1. Check whether board is connected to system properly.
2. In case of zynq board, check whether Digilent/Xilinx cable switch settings are correct.
3. If you are using Xilinx Platform Cable USB, ensure that status LED is green.
19:12:23 INFO  : Connected to target on host '127.0.0.1' and port '3121'.
19:12:23 INFO  : Jtag cable 'Digilent Zybo Z7 210351BE7A49A' is selected.
19:12:23 INFO  : 'jtag frequency' command is executed.
19:12:23 INFO  : Context for 'APU' is selected.
19:12:23 INFO  : System reset is completed.
19:12:26 INFO  : 'after 3000' command is executed.
19:12:26 INFO  : 'targets -set -filter {jtag_cable_name =~ "Digilent Zybo Z7 210351BE7A49A" && level==0 && jtag_device_ctx=="jsn-Zybo Z7-210351BE7A49A-13722093-0"}' command is executed.
19:12:27 INFO  : Device configured successfully with "C:/ECE520_SOC/ECE520_SandBox/Ultrasonic_Proximity_Alarm_soc_re/Proximity_Alarm_soc_vitis/Proximity_Alarm_app/_ide/bitstream/Proximity_Alarm_bd_wrapper.bit"
19:12:27 INFO  : Context for 'APU' is selected.
19:12:29 INFO  : Hardware design and registers information is loaded from 'C:/ECE520_SOC/ECE520_SandBox/Ultrasonic_Proximity_Alarm_soc_re/Proximity_Alarm_soc_vitis/Proximity_Alarm_plat/export/Proximity_Alarm_plat/hw/Proximity_Alarm_bd_wrapper.xsa'.
19:12:29 INFO  : 'configparams force-mem-access 1' command is executed.
19:12:29 INFO  : Context for 'APU' is selected.
19:12:29 INFO  : Sourcing of 'C:/ECE520_SOC/ECE520_SandBox/Ultrasonic_Proximity_Alarm_soc_re/Proximity_Alarm_soc_vitis/Proximity_Alarm_app/_ide/psinit/ps7_init.tcl' is done.
19:12:30 INFO  : 'ps7_init' command is executed.
19:12:30 INFO  : 'ps7_post_config' command is executed.
19:12:30 INFO  : Context for processor 'ps7_cortexa9_0' is selected.
19:12:30 INFO  : The application 'C:/ECE520_SOC/ECE520_SandBox/Ultrasonic_Proximity_Alarm_soc_re/Proximity_Alarm_soc_vitis/Proximity_Alarm_app/Debug/Proximity_Alarm_app.elf' is downloaded to processor 'ps7_cortexa9_0'.
19:12:30 INFO  : 'configparams force-mem-access 0' command is executed.
19:12:30 INFO  : ----------------XSDB Script----------------
connect -url tcp:127.0.0.1:3121
targets -set -nocase -filter {name =~"APU*"}
rst -system
after 3000
targets -set -filter {jtag_cable_name =~ "Digilent Zybo Z7 210351BE7A49A" && level==0 && jtag_device_ctx=="jsn-Zybo Z7-210351BE7A49A-13722093-0"}
fpga -file C:/ECE520_SOC/ECE520_SandBox/Ultrasonic_Proximity_Alarm_soc_re/Proximity_Alarm_soc_vitis/Proximity_Alarm_app/_ide/bitstream/Proximity_Alarm_bd_wrapper.bit
targets -set -nocase -filter {name =~"APU*"}
loadhw -hw C:/ECE520_SOC/ECE520_SandBox/Ultrasonic_Proximity_Alarm_soc_re/Proximity_Alarm_soc_vitis/Proximity_Alarm_plat/export/Proximity_Alarm_plat/hw/Proximity_Alarm_bd_wrapper.xsa -mem-ranges [list {0x40000000 0xbfffffff}] -regs
configparams force-mem-access 1
targets -set -nocase -filter {name =~"APU*"}
source C:/ECE520_SOC/ECE520_SandBox/Ultrasonic_Proximity_Alarm_soc_re/Proximity_Alarm_soc_vitis/Proximity_Alarm_app/_ide/psinit/ps7_init.tcl
ps7_init
ps7_post_config
targets -set -nocase -filter {name =~ "*A9*#0"}
dow C:/ECE520_SOC/ECE520_SandBox/Ultrasonic_Proximity_Alarm_soc_re/Proximity_Alarm_soc_vitis/Proximity_Alarm_app/Debug/Proximity_Alarm_app.elf
configparams force-mem-access 0
----------------End of Script----------------

19:12:30 INFO  : Context for processor 'ps7_cortexa9_0' is selected.
19:12:30 INFO  : 'con' command is executed.
19:12:30 INFO  : ----------------XSDB Script (After Launch)----------------
targets -set -nocase -filter {name =~ "*A9*#0"}
con
----------------End of Script----------------

19:12:30 INFO  : Launch script is exported to file 'C:\ECE520_SOC\ECE520_SandBox\Ultrasonic_Proximity_Alarm_soc_re\Proximity_Alarm_soc_vitis\Proximity_Alarm_app_system\_ide\scripts\debugger_proximity_alarm_app-default.tcl'
19:17:47 INFO  : Disconnected from the channel tcfchan#3.
